,Unnamed: 0,Shrt_Desc,Water_(g),Energ_Kcal,Protein_(g),Lipid_Tot_(g),Ash_(g),Carbohydrt_(g),Fiber_TD_(g),Sugar_Tot_(g),Calcium_(mg),Iron_(mg),Magnesium_(mg),Phosphorus_(mg),Potassium_(mg),Sodium_(mg),Zinc_(mg),Copper_mg),Manganese_(mg),Selenium_(µg),Vit_C_(mg),Thiamin_(mg),Riboflavin_(mg),Niacin_(mg),Panto_Acid_mg),Vit_B6_(mg),Folate_Tot_(µg),Folic_Acid_(µg),Food_Folate_(µg),Folate_DFE_(µg),Choline_Tot_ (mg),Vit_B12_(µg),Vit_A_IU,Vit_A_RAE,Retinol_(µg),Alpha_Carot_(µg),Beta_Carot_(µg),Beta_Crypt_(µg),Lycopene_(µg),Lut+Zea_ (µg),Vit_E_(mg),Vit_D_µg,Vit_D_IU,Vit_K_(µg),FA_Sat_(g),FA_Mono_(g),FA_Poly_(g),Cholestrl_(mg)
812,812,"BEEF,CHUCK FOR STEW,LN & FAT,CHOIC,RAW",72.32,130,21.64,4.81,1.11,0.12,0.0,0.0,13.0,2.09,21.0,217.0,373.0,79.0,5.41,0.084,0.014,23.6,0.0,0.08,0.17,4.887,0.66,0.568,3.0,0.0,3.0,3.0,69.1,2.27,6.0,2.0,2.0,0.0,0.0,0.0,0.0,0.0,0.18,0.1,4.0,1.5,1.988,2.51,0.31,63.0
912,912,"BEEF,TOP SIRLOIN,STEAK,LN,1/8"" FAT,CHOIC,CKD,BRLD",63.27,187,29.51,6.72,1.2,0.0,0.0,0.0,17.0,2.01,25.0,231.0,369.0,61.0,5.58,0.094,0.011,34.1,0.0,0.07,0.135,7.77,0.517,0.548,9.0,0.0,9.0,9.0,112.4,1.64,0.0,0.0,0.0,0.0,0.0,0.0,0.0,0.0,0.39,0.1,4.0,1.4,2.56,2.684,0.259,81.0
213,213,"SOUP,CRM OF ONION,CND,COND",81.0,88,2.2,4.2,2.2,10.4,0.4,3.64,27.0,0.5,5.0,30.0,98.0,637.0,0.12,0.11,0.2,2.3,1.0,0.04,0.06,0.4,0.24,0.02,6.0,0.0,6.0,6.0,11.4,0.04,113.0,28.0,27.0,0.0,13.0,0.0,0.0,10.0,0.43,0.0,0.0,2.2,1.17,1.67,1.16,12.0
649,649,"HADDOCK,RAW",83.38,74,16.32,0.45,1.28,0.0,0.0,0.0,11.0,0.17,21.0,227.0,286.0,213.0,0.32,0.021,0.011,25.9,0.0,0.02,0.057,3.363,0.403,0.281,12.0,0.0,12.0,12.0,65.0,1.83,57.0,17.0,17.0,0.0,0.0,0.0,0.0,0.0,0.45,0.5,18.0,0.1,0.091,0.061,0.166,54.0
174,174,"TURKEY,CND,MEAT ONLY,W/BROTH",66.07,169,23.68,6.86,1.92,1.47,0.0,0.0,12.0,1.86,20.0,162.0,224.0,518.0,2.37,0.074,0.017,25.9,2.0,0.014,0.171,6.622,0.686,0.33,6.0,0.0,6.0,6.0,74.0,0.28,0.0,0.0,0.0,0.0,0.0,0.0,0.0,0.0,0.27,0.3,11.0,0.7,2.0,2.26,1.75,66.0
217,217,"GRVY, CHCKN, CNND BTTLD, RTS",90.3,48,0.71,2.62,1.08,5.29,0.1,0.3,10.0,0.09,3.0,20.0,42.0,389.0,0.08,0.019,0.015,0.4,0.0,0.024,0.053,0.285,0.143,0.025,2.0,0.0,2.0,2.0,3.7,0.0,3.0,1.0,1.0,0.0,0.0,0.0,0.0,1.0,0.1,0.0,0.0,0.6,0.639,1.027,0.407,5.0
228,228,"SOUP,CRM OF MUSHROOM,CND,PREP W/ EQ VOLUME LOFAT (2%) MILK",87.04,65,2.36,3.58,1.26,5.76,0.3,2.82,68.0,0.1,7.0,59.0,103.0,357.0,0.31,0.013,0.025,2.7,0.1,0.026,0.104,0.214,0.255,0.027,3.0,0.0,3.0,3.0,13.2,0.28,102.0,30.0,30.0,0.0,2.0,0.0,0.0,2.0,0.26,0.7,29.0,9.6,1.116,0.877,1.435,4.0
501,501,"CHAYOTE,FRUIT,CKD,BLD,DRND,W/SALT",93.43,22,0.62,0.48,0.97,4.5,2.8,1.89,13.0,0.22,12.0,29.0,173.0,237.0,0.31,0.11,0.169,0.3,8.0,0.026,0.04,0.42,0.408,0.118,18.0,0.0,18.0,18.0,10.5,0.0,0.0,0.0,0.0,0.0,0.0,0.0,0.0,0.0,0.14,0.0,0.0,4.7,0.031,0.01,0.065,0.0
351,351,"PORK,FRSH,LOIN,CNTR LOIN (CHOPS),BONE-IN,LN & FAT,RAW",69.7,170,20.71,9.03,0.96,0.0,0.0,0.0,19.0,0.63,25.0,209.0,343.0,55.0,1.77,0.063,0.007,33.8,0.0,0.485,0.189,6.619,0.704,0.697,0.0,0.0,0.0,0.0,55.8,0.53,6.0,2.0,2.0,0.0,0.0,0.0,0.0,0.0,0.12,0.5,21.0,0.0,2.993,3.548,1.19,69.0
35,35,"MILK,RED FAT,FLUID,2% MILKFAT,WO/ ADDED VIT A & VIT D",89.21,50,3.3,1.98,0.71,4.8,0.0,5.06,120.0,0.02,11.0,92.0,140.0,47.0,0.48,0.006,0.014,2.5,0.2,0.039,0.185,0.092,0.356,0.038,5.0,0.0,5.0,5.0,16.4,0.53,102.0,28.0,27.0,0.0,7.0,0.0,0.0,0.0,0.03,0.0,1.0,0.2,1.257,0.56,0.073,8.0
98,98,"INF FORMULA, ABBOTT NUTR, SIMILAC, W/ IRON, RTF",87.79,65,1.36,3.55,0.38,6.92,0.0,6.9,51.0,1.18,4.0,28.0,69.0,16.0,0.49,0.059,0.003,1.2,5.9,0.066,0.099,0.69,0.296,0.039,10.0,10.0,0.0,17.0,8.0,0.16,197.0,59.0,59.0,0.0,0.0,0.0,0.0,0.0,1.32,1.0,39.0,5.3,1.237,1.314,0.801,2.0
200,200,"TURKEY,RTL PARTS,BREAST,MEAT & SKN,RAW",70.98,155,21.88,7.45,0.98,0.0,0.0,0.0,9.0,0.77,24.0,176.0,247.0,72.0,1.15,0.054,0.006,20.4,0.0,0.048,0.157,9.4,0.972,0.724,7.0,0.0,7.0,7.0,50.1,1.28,54.0,16.0,16.0,0.0,0.0,0.0,0.0,7.0,0.09,0.3,12.0,0.0,1.756,2.191,1.834,63.0
488,488,"POTATOES,BKD,FLESH & SKN,WO/ SALT",74.89,93,2.5,0.13,1.33,21.15,2.2,1.18,15.0,1.08,28.0,70.0,535.0,10.0,0.36,0.118,0.219,0.4,9.6,0.064,0.048,1.41,0.376,0.311,28.0,0.0,28.0,28.0,14.8,0.0,10.0,1.0,0.0,0.0,6.0,0.0,0.0,30.0,0.04,0.0,0.0,2.0,0.034,0.003,0.057,0.0
789,789,"FAST FOODS,SUBMARINE SNDWCH,HAM ON WHT BRD W/ LTTC & TMT",63.26,151,9.12,2.53,2.17,22.91,1.3,3.54,169.0,1.78,20.0,116.0,367.0,396.0,0.88,0.082,0.302,17.3,0.9,0.377,0.243,4.18,0.435,0.174,72.0,54.0,17.0,109.0,33.2,0.12,41.0,2.0,0.0,0.0,25.0,0.0,167.0,76.0,0.29,0.2,9.0,4.7,0.626,0.763,0.831,12.0
533,533,"MUSHROOMS,OYSTER,RAW",89.18,33,3.31,0.41,1.01,6.09,2.3,1.11,3.0,1.33,18.0,120.0,420.0,18.0,0.77,0.244,0.113,2.6,0.0,0.125,0.349,4.956,1.294,0.11,38.0,0.0,38.0,38.0,48.7,0.0,48.0,2.0,0.0,0.0,29.0,0.0,0.0,0.0,0.0,0.7,29.0,0.0,0.062,0.031,0.123,0.0
292,292,"CHERRIES,SWT,FRZ,SWTND",75.53,89,1.15,0.13,0.83,22.36,2.1,20.26,12.0,0.35,10.0,16.0,199.0,1.0,0.04,0.024,0.109,0.0,1.0,0.027,0.047,0.177,0.127,0.036,4.0,0.0,4.0,4.0,5.6,0.0,189.0,9.0,0.0,0.0,113.0,0.0,0.0,85.0,0.07,0.0,0.0,2.1,0.03,0.036,0.04,0.0
364,364,"PORK,FRSH,SHLDR,ARM PICNIC,LN,CKD,BRSD",63.59,194,26.76,8.87,1.15,0.0,0.0,0.0,16.0,0.97,23.0,254.0,382.0,100.0,3.35,0.109,0.023,31.2,0.0,0.463,0.335,5.538,1.27,0.362,5.0,0.0,5.0,5.0,110.9,0.76,6.0,2.0,2.0,0.0,0.0,0.0,0.0,0.0,0.29,1.0,42.0,0.0,2.85,3.767,1.859,87.0
892,892,"BEEF,GROUND,95% LN MEAT / 5% FAT,RAW",73.24,137,21.41,5.0,1.05,0.0,0.0,0.0,9.0,2.38,22.0,198.0,346.0,66.0,5.09,0.078,0.01,17.4,0.0,0.041,0.151,5.494,0.652,0.392,5.0,0.0,5.0,5.0,70.9,2.24,14.0,4.0,4.0,0.0,0.0,0.0,0.0,0.0,0.17,0.1,3.0,0.3,2.182,1.994,0.257,62.0
919,919,"SAUCE,SWT & SOUR,RTS",60.27,150,0.27,0.02,1.22,38.22,0.1,18.75,10.0,0.21,8.0,7.0,99.0,371.0,0.09,0.079,0.761,0.4,8.7,0.048,0.019,0.187,0.093,0.053,8.0,0.0,8.0,8.0,2.4,0.0,10.0,1.0,0.0,0.0,6.0,0.0,0.0,0.0,0.01,0.0,0.0,0.2,0.0,0.0,0.0,0.0
80,80,"BABYFOOD,FRUIT,APPLSAUC W/BANANA,JR",83.14,66,0.37,0.1,0.26,16.16,1.6,4.35,5.0,0.24,9.0,12.0,131.0,3.0,0.05,0.04,0.1,0.4,17.3,0.01,0.031,0.163,0.135,0.1,3.0,0.0,3.0,3.0,4.9,0.0,6.0,0.0,0.0,0.0,3.0,2.0,0.0,8.0,0.02,0.0,0.0,0.3,0.04,0.01,0.05,0.0
599,599,"BEVERAGES,CARB,TONIC H2O",91.1,34,0.0,0.0,0.1,8.8,0.0,8.8,1.0,0.01,0.0,0.0,0.0,12.0,0.1,0.006,0.001,0.0,0.0,0.0,0.0,0.0,0.0,0.0,0.0,0.0,0.0,0.0,0.0,0.0,0.0,0.0,0.0,0.0,0.0,0.0,0.0,0.0,0.0,0.0,0.0,0.0,0.0,0.0,0.0,0.0
517,517,"TURNIPS,CKD,BLD,DRND,W/SALT",93.6,22,0.71,0.08,0.55,5.06,2.0,2.99,22.0,0.22,8.0,19.0,135.0,286.0,0.2,0.064,0.1,0.6,11.6,0.027,0.023,0.299,0.142,0.067,9.0,0.0,9.0,9.0,8.7,0.0,0.0,0.0,0.0,0.0,0.0,0.0,0.0,0.0,0.02,0.0,0.0,0.1,0.008,0.005,0.042,0.0
873,873,"BEEF,LN,TP LN STK,BNLESS,LIPON,L & F,1/8"" FAT,CHOIC,GRILLED",54.87,275,25.69,19.19,1.04,0.0,0.0,0.0,14.0,2.47,20.0,212.0,259.0,54.0,4.1,0.064,0.003,24.0,0.0,0.056,0.191,6.734,0.314,0.642,6.0,0.0,6.0,6.0,62.2,1.81,24.0,7.0,7.0,0.0,0.0,0.0,0.0,0.0,0.24,0.1,6.0,1.6,7.505,8.59,0.862,81.0
254,254,"MEATBALLS,FRZ,ITALIAN STYLE",53.67,286,14.4,22.21,2.64,8.06,2.3,3.47,80.0,1.77,31.0,239.0,296.0,666.0,1.66,0.123,0.282,15.3,0.0,0.136,0.23,3.108,0.924,0.202,36.0,0.0,36.0,36.0,45.2,1.0,73.0,22.0,22.0,0.0,0.0,0.0,0.0,0.0,0.42,0.1,2.0,8.2,7.627,9.188,3.346,66.0
899,899,"BEEF,TOP SIRLOIN,STEAK,LN,1/8"" FAT,SEL,CKD,BRLD",65.47,170,29.34,4.96,1.2,0.0,0.0,0.0,21.0,1.81,25.0,238.0,386.0,62.0,5.37,0.08,0.011,36.6,0.0,0.084,0.155,8.574,0.578,0.648,10.0,0.0,10.0,10.0,111.7,1.4,0.0,0.0,0.0,0.0,0.0,0.0,0.0,0.0,0.37,0.1,3.0,1.3,1.889,1.98,0.196,77.0
291,291,"CHERRIES,SWT,CND,PITTED,HVY SYRUP PK,SOL & LIQUIDS",77.61,83,0.6,0.15,0.38,21.27,1.4,16.18,9.0,0.35,9.0,18.0,145.0,3.0,0.1,0.142,0.048,0.0,3.6,0.021,0.04,0.396,0.057,0.022,4.0,0.0,4.0,4.0,4.1,0.0,154.0,8.0,0.0,0.0,92.0,0.0,0.0,57.0,0.17,0.0,0.0,0.9,0.034,0.041,0.045,0.0
529,529,"POTATOES,MSHD,HOME-PREPARED,WHL MILK & BUTTER ADDED",75.61,113,1.86,4.22,1.5,16.81,1.5,1.43,24.0,0.26,18.0,45.0,284.0,317.0,0.27,0.138,0.114,0.8,6.0,0.086,0.041,1.072,0.468,0.222,8.0,0.0,8.0,8.0,13.5,0.07,138.0,38.0,37.0,0.0,9.0,0.0,0.0,7.0,0.12,0.2,10.0,2.0,2.613,1.07,0.199,11.0
329,329,"RHUBARB,RAW",93.61,21,0.9,0.2,0.76,4.54,1.8,1.1,86.0,0.22,12.0,14.0,288.0,4.0,0.1,0.021,0.196,1.1,8.0,0.02,0.03,0.3,0.085,0.024,7.0,0.0,7.0,7.0,6.1,0.0,102.0,5.0,0.0,0.0,61.0,0.0,0.0,170.0,0.27,0.0,0.0,29.3,0.053,0.039,0.099,0.0
594,594,"BEVERAGES,CARB,LO CAL,COLA OR PEPPER-TYPE,W/ ASPRT,WO/ CAF",99.74,1,0.12,0.0,0.03,0.12,0.0,0.0,3.0,0.02,0.0,10.0,7.0,4.0,0.01,0.002,0.0,0.1,0.0,0.005,0.023,0.0,0.0,0.0,0.0,0.0,0.0,0.0,0.0,0.0,0.0,0.0,0.0,0.0,0.0,0.0,0.0,0.0,0.0,0.0,0.0,0.0,0.0,0.0,0.0,0.0
260,260,"CEREALS,OATS,INST,FORT,W/ CINN & SPICE,PREP W/ H2O",76.74,96,2.37,1.21,0.73,18.95,2.0,6.31,61.0,2.11,24.0,80.0,71.0,111.0,0.57,0.082,0.643,1.6,0.0,0.168,0.177,2.155,0.22,0.22,48.0,43.0,4.0,78.0,7.2,0.0,366.0,110.0,110.0,0.0,0.0,0.0,0.0,31.0,0.12,0.0,0.0,0.5,0.191,0.371,0.422,0.0
918,918,"SAUCE,SALSA,VERDE,RTS",89.52,38,1.13,0.89,2.1,6.36,1.9,3.5,9.0,0.65,19.0,41.0,259.0,600.0,0.25,0.081,0.156,0.8,12.3,0.046,0.036,1.615,0.154,0.083,8.0,0.0,8.0,8.0,7.9,0.0,217.0,11.0,0.0,10.0,123.0,5.0,0.0,422.0,0.43,0.0,0.0,13.6,0.0,0.0,0.0,0.0
252,252,"PORK SAUSAGE,LINK/PATTY,RED FAT,UNPREP",64.21,217,16.75,16.55,2.28,0.2,0.0,0.0,15.0,1.46,18.0,153.0,275.0,581.0,2.42,0.088,0.042,22.7,0.0,0.31,0.17,6.187,0.83,0.27,2.0,0.0,2.0,2.0,57.3,1.05,92.0,27.0,27.0,0.0,0.0,0.0,0.0,0.0,0.99,0.4,16.0,0.0,4.368,5.89,3.025,67.0
917,917,"SOUP,WONTON,CHINESE RESTAURANT",91.18,32,2.08,0.26,1.22,5.25,0.2,0.34,5.0,0.21,3.0,18.0,32.0,406.0,0.12,0.024,0.034,1.1,0.7,0.024,0.016,0.58,0.14,0.076,13.0,7.0,6.0,18.0,19.0,0.09,13.0,1.0,1.0,0.0,6.0,0.0,0.0,12.0,0.06,0.0,0.0,0.9,0.062,0.077,0.071,4.0
737,737,"EGG CUSTARDS,DRY MIX,PREP W/ WHL MILK",73.45,122,3.99,4.0,0.97,17.6,0.0,4.82,139.0,0.34,16.0,130.0,207.0,84.0,0.51,0.03,0.007,6.0,0.1,0.061,0.22,0.132,0.699,0.064,9.0,0.0,9.0,9.0,11.8,0.52,182.0,52.0,52.0,0.0,6.0,0.0,0.0,0.0,0.06,1.2,47.0,0.2,2.032,1.127,0.312,51.0
0,0,"CHEESE,COTTAGE,CRMD,LRG OR SML CURD",79.79,98,11.12,4.3,1.41,3.38,0.0,2.67,83.0,0.07,8.0,159.0,104.0,364.0,0.4,0.029,0.002,9.7,0.0,0.027,0.163,0.099,0.557,0.046,12.0,0.0,12.0,12.0,18.4,0.43,140.0,37.0,36.0,0.0,12.0,0.0,0.0,0.0,0.08,0.1,3.0,0.0,1.718,0.778,0.123,17.0
282,282,"BLUEBERRIES,FRZ,SWTND",77.4,85,0.4,0.13,0.12,21.95,2.2,19.72,6.0,0.39,2.0,7.0,60.0,1.0,0.06,0.039,0.262,0.2,1.0,0.02,0.052,0.253,0.125,0.059,7.0,0.0,7.0,7.0,5.5,0.0,49.0,2.0,0.0,0.0,30.0,0.0,0.0,73.0,0.52,0.0,0.0,17.7,0.011,0.018,0.057,0.0
467,467,"SQUASH,SMMR,CROOKNECK & STRAIGHTNECK,CKD,BLD,DRND,WO/ SALT",94.25,23,1.04,0.39,0.53,3.79,1.1,2.48,22.0,0.37,16.0,29.0,177.0,1.0,0.22,0.065,0.157,0.2,11.6,0.043,0.025,0.507,0.323,0.078,23.0,0.0,23.0,23.0,7.9,0.0,1117.0,56.0,0.0,0.0,670.0,0.0,0.0,315.0,0.12,0.0,0.0,4.4,0.064,0.023,0.131,0.0
141,141,"CHICKEN,BROILERS OR FRYERS,BACK,MEAT&SKN,CKD,STWD",60.93,258,22.18,18.14,0.64,0.0,0.0,0.0,18.0,1.22,16.0,120.0,145.0,64.0,1.93,0.063,0.02,19.9,0.0,0.043,0.151,4.343,0.696,0.15,5.0,0.0,5.0,5.0,51.1,0.18,308.0,88.0,88.0,0.0,0.0,0.0,0.0,0.0,0.27,0.1,2.0,4.1,5.02,7.13,4.0,78.0
312,312,"PEARS,CND,H2O PK,SOL&LIQUIDS",91.81,29,0.19,0.03,0.16,7.81,1.6,6.1,4.0,0.21,4.0,7.0,53.0,2.0,0.09,0.051,0.034,0.0,1.0,0.008,0.01,0.054,0.022,0.014,1.0,0.0,1.0,1.0,3.4,0.0,0.0,0.0,0.0,0.0,0.0,0.0,0.0,34.0,0.08,0.0,0.0,0.3,0.002,0.006,0.007,0.0
198,198,"TURKEY,RTL PARTS,BREAST,MEAT & SKN,W/ ADDED SOLN,RAW",72.76,144,20.79,6.75,1.13,0.03,0.0,0.01,9.0,0.43,23.0,171.0,221.0,126.0,1.07,0.043,0.005,20.8,0.0,0.045,0.148,9.171,0.894,0.756,7.0,0.0,7.0,7.0,61.0,0.4,50.0,15.0,15.0,0.0,0.0,0.0,0.0,3.0,0.1,0.3,13.0,0.0,1.24,3.04,2.47,64.0
47,47,ICE CRM COOKIE SNDWCH,48.7,240,3.7,7.4,0.55,39.6,1.2,21.3,73.0,1.1,16.0,54.0,68.0,162.0,0.32,0.106,0.225,3.1,0.0,0.03,0.03,0.237,0.115,0.028,5.0,0.0,5.0,5.0,8.0,0.01,122.0,37.0,37.0,0.0,0.0,0.0,0.0,6.0,0.4,0.0,0.0,1.3,1.663,4.15,0.847,6.0
746,746,"PUDDINGS,VANILLA,DRY MIX,REG,PREP W/ WHL MILK",74.49,113,2.8,2.9,0.9,18.92,0.1,17.09,99.0,0.04,9.0,74.0,119.0,156.0,0.33,0.025,0.005,3.3,0.0,0.036,0.149,0.078,0.326,0.028,4.0,0.0,4.0,4.0,11.2,0.31,141.0,40.0,40.0,0.0,6.0,0.0,0.0,0.0,0.06,1.1,45.0,0.2,1.643,0.714,0.197,9.0
885,885,"BEEF COMP,LN,1/8"" FAT,CHOIC,CKD",61.51,203,28.73,9.16,1.08,0.0,0.0,0.0,11.0,2.49,22.0,197.0,298.0,53.0,5.84,0.085,0.032,33.1,0.0,0.076,0.213,6.148,0.525,0.523,8.0,0.0,8.0,8.0,89.2,1.99,2.0,1.0,1.0,0.0,0.0,0.0,0.0,0.0,0.27,0.1,3.0,1.5,3.536,4.059,0.455,82.0
513,513,"SQUASH,SMMR,CROOKNECK&STRAIGHTNECK,CKD,BLD,DRND,W/SALT",94.25,19,1.04,0.39,0.53,3.79,1.1,2.48,22.0,0.37,16.0,29.0,177.0,237.0,0.22,0.065,0.157,0.2,11.6,0.043,0.025,0.507,0.323,0.078,23.0,0.0,23.0,23.0,7.9,0.0,1117.0,56.0,0.0,0.0,670.0,0.0,0.0,315.0,0.12,0.0,0.0,4.4,0.064,0.023,0.131,0.0
751,751,"ICE CREAMS,VANILLA,LT,NO SUGAR ADDED",65.52,169,3.97,7.45,1.2,21.42,0.0,6.46,136.0,0.19,9.0,75.0,196.0,96.0,0.31,0.03,0.006,1.9,0.9,0.029,0.122,0.074,0.256,0.029,4.0,0.0,4.0,4.0,23.0,0.52,302.0,86.0,85.0,0.0,12.0,0.0,0.0,0.0,0.29,0.1,5.0,2.8,4.048,1.855,0.74,27.0
400,400,"BAMBOO SHOOTS,CND,DRND SOL",94.32,19,1.72,0.4,0.34,3.22,1.4,1.89,8.0,0.32,4.0,25.0,80.0,7.0,0.65,0.114,0.157,0.5,1.1,0.026,0.026,0.14,0.092,0.136,3.0,0.0,3.0,3.0,0.0,0.0,13.0,1.0,0.0,0.0,8.0,0.0,0.0,0.0,0.63,0.0,0.0,0.0,0.092,0.009,0.178,0.0
82,82,"BABYFOOD,DSSRT,DUTCH APPL,JR",80.32,79,0.2,0.16,0.14,19.18,1.4,17.89,3.0,0.11,4.0,7.0,67.0,3.0,0.03,0.03,0.02,0.2,18.0,0.01,0.012,0.048,0.017,0.017,0.0,0.0,0.0,0.0,2.5,0.0,18.0,1.0,0.0,0.0,8.0,6.0,0.0,11.0,0.04,0.0,0.0,0.5,0.025,0.006,0.045,0.0
509,509,"POTATOES,BLD,CKD IN SKN,FLESH,W/SALT",76.98,87,1.87,0.1,0.92,20.13,2.0,0.91,5.0,0.31,22.0,44.0,379.0,240.0,0.3,0.188,0.138,0.3,13.0,0.106,0.02,1.439,0.52,0.299,10.0,0.0,10.0,10.0,13.5,0.0,3.0,0.0,0.0,0.0,2.0,0.0,0.0,10.0,0.05,0.0,0.0,2.2,0.026,0.002,0.043,0.0
265,265,"APPLES,RAW,WITHOUT SKIN",86.67,48,0.27,0.13,0.17,12.76,1.3,10.1,5.0,0.07,4.0,11.0,90.0,0.0,0.05,0.031,0.038,0.0,4.0,0.019,0.028,0.091,0.071,0.037,0.0,0.0,0.0,0.0,3.4,0.0,38.0,2.0,0.0,0.0,17.0,13.0,0.0,18.0,0.05,0.0,0.0,0.6,0.021,0.005,0.037,0.0
695,695,"VEAL,SHLDR,BLADE CHOP,LN,RAW",76.29,110,19.6,2.88,1.01,0.0,0.0,0.0,23.0,1.26,33.0,209.0,203.0,92.0,3.38,0.083,0.012,15.8,0.0,0.109,0.43,4.61,1.05,0.466,3.0,0.0,3.0,3.0,99.1,2.88,0.0,0.0,0.0,0.0,0.0,0.0,0.0,0.0,0.26,1.2,47.0,1.0,1.113,1.361,0.171,60.0
63,63,"VINEGAR,DISTILLED",94.78,18,0.0,0.0,0.02,0.04,0.0,0.04,6.0,0.03,1.0,4.0,2.0,2.0,0.01,0.006,0.055,0.5,0.0,0.0,0.0,0.0,0.0,0.0,0.0,0.0,0.0,0.0,0.0,0.0,0.0,0.0,0.0,0.0,0.0,0.0,0.0,0.0,0.0,0.0,0.0,0.0,0.0,0.0,0.0,0.0
869,869,"BEEF,LOIN,TOP LOIN STEAK,BNLESS,LIP-ON,LN,1/8"" FAT,CHOIC,RAW",69.94,149,22.93,6.34,1.01,0.0,0.0,0.0,15.0,1.93,11.0,205.0,283.0,46.0,3.79,0.042,0.002,21.0,0.0,0.053,0.205,6.947,0.36,0.589,4.0,0.0,4.0,4.0,56.3,1.71,6.0,2.0,2.0,0.0,0.0,0.0,0.0,0.0,0.24,0.1,3.0,1.5,2.515,2.948,0.393,58.0
100,100,"CHILD FORMULA,ABBOTT NUTR,PEDIASURE,RTF (FORMERLY ROSS)",80.47,99,2.86,4.77,0.75,11.15,0.0,10.5,93.0,1.34,19.0,76.0,125.0,36.0,1.15,0.095,0.239,2.2,9.5,0.258,0.201,1.614,0.955,0.248,35.0,36.0,0.0,60.0,29.0,0.57,246.0,74.0,74.0,0.0,0.0,0.0,0.0,0.0,1.46,1.2,48.0,3.6,1.256,1.936,1.068,2.0
315,315,"PEARS,CND,HVY SYRUP PK,SOL&LIQUIDS",80.35,74,0.2,0.13,0.15,19.17,1.6,15.2,5.0,0.22,4.0,7.0,65.0,5.0,0.08,0.049,0.032,0.0,1.1,0.01,0.022,0.242,0.022,0.014,1.0,0.0,1.0,1.0,1.9,0.0,0.0,0.0,0.0,0.0,0.0,0.0,0.0,34.0,0.08,0.0,0.0,0.3,0.007,0.027,0.03,0.0
783,783,"FAST FOODS,CHEESEBURGER; SINGLE,LRG PATTY; PLN",40.67,310,17.29,15.97,2.0,24.07,1.7,4.67,114.0,2.57,24.0,163.0,210.0,481.0,2.79,0.097,0.259,19.6,0.0,0.26,0.353,4.597,0.575,0.224,62.0,30.0,31.0,83.0,31.3,1.0,275.0,58.0,53.0,0.0,58.0,2.0,0.0,30.0,0.52,0.1,2.0,4.6,6.873,5.769,1.502,51.0
814,814,"BEEF,RIB EYE STK/RST,BONE-IN,LIP-ON,LN,1/8"" FAT,ALL GRDS,RAW",69.24,166,21.22,9.04,0.97,0.0,0.0,0.0,9.0,1.96,21.0,152.0,275.0,64.0,4.89,0.073,0.073,21.1,0.0,0.1,0.269,5.08,0.54,0.488,3.0,0.0,3.0,3.0,50.5,1.94,7.0,2.0,2.0,0.0,0.0,0.0,0.0,0.0,0.15,0.1,4.0,1.5,3.544,4.13,0.436,64.0
392,392,"PORK,GROUND,96% LN / 4% FAT,RAW",73.62,121,21.1,4.0,1.07,0.21,0.0,0.0,15.0,0.86,19.0,190.0,310.0,67.0,1.93,0.033,0.01,34.8,0.0,0.414,0.368,7.914,0.646,0.668,2.0,0.0,2.0,2.0,71.7,0.64,0.0,0.0,0.0,0.0,0.0,0.0,0.0,0.0,0.29,0.1,4.0,0.0,1.42,1.89,0.66,59.0
654,654,"FISH,POLLOCK,ALASKA,RAW (MAY HAVE BEEN PREVIOUSLY FROZEN)",86.75,56,12.19,0.41,1.36,0.0,0.0,0.0,15.0,0.22,16.0,284.0,160.0,333.0,0.31,0.031,0.011,15.9,0.0,0.03,0.08,0.653,0.237,0.069,3.0,0.0,3.0,3.0,65.0,1.63,10.0,3.0,3.0,0.0,0.0,0.0,0.0,0.0,0.49,0.2,8.0,0.0,0.124,0.079,0.195,46.0
77,77,"BABYFOOD,GRN BNS,DICES,TODD",92.6,29,1.2,0.2,0.4,5.7,1.3,1.06,27.0,0.4,19.0,22.0,116.0,37.0,0.1,0.03,0.08,0.4,1.7,0.02,0.04,0.23,0.051,0.03,32.0,0.0,32.0,32.0,22.6,0.0,481.0,24.0,0.0,0.0,288.0,0.0,0.0,487.0,0.31,0.0,0.0,11.0,0.044,0.008,0.102,0.0
16,16,"MILK,BTTRMLK,FLUID,CULTURED,LOWFAT",90.13,40,3.31,0.88,0.89,4.79,0.0,4.79,116.0,0.05,11.0,89.0,151.0,190.0,0.42,0.011,0.002,2.0,1.0,0.034,0.154,0.058,0.275,0.034,5.0,0.0,5.0,5.0,17.7,0.22,47.0,14.0,13.0,0.0,1.0,0.0,0.0,0.0,0.05,0.0,1.0,0.1,0.548,0.254,0.033,4.0
729,729,"PIE,VANILLA CRM,PREP FROM RECIPE",47.0,278,4.8,14.4,1.2,32.6,0.6,12.68,90.0,1.02,13.0,104.0,126.0,260.0,0.53,0.039,0.128,9.5,0.5,0.139,0.216,0.984,0.415,0.049,26.0,15.0,11.0,37.0,32.8,0.3,306.0,83.0,81.0,2.0,22.0,1.0,0.0,52.0,0.45,1.2,47.0,6.7,4.03,6.043,3.438,62.0
38,38,"YOGURT,FRUIT,LOFAT,W/LO CAL SWEETENER",74.1,105,4.86,1.41,1.03,18.6,0.0,2.9,152.0,0.07,16.0,133.0,194.0,58.0,0.82,0.08,0.065,3.1,0.7,0.041,0.18,0.105,0.544,0.045,10.0,0.0,10.0,10.0,15.2,0.52,443.0,131.0,131.0,0.0,4.0,0.0,0.0,0.0,0.06,0.0,1.0,1.2,0.909,0.387,0.04,6.0
308,308,"MELONS,HONEYDEW,RAW",89.82,36,0.54,0.14,0.41,9.09,0.8,8.12,6.0,0.17,10.0,11.0,228.0,18.0,0.09,0.024,0.027,0.7,18.0,0.038,0.012,0.418,0.155,0.088,19.0,0.0,19.0,19.0,7.6,0.0,50.0,3.0,0.0,0.0,30.0,0.0,0.0,27.0,0.02,0.0,0.0,2.9,0.038,0.003,0.059,0.0
169,169,"TURKEY,ALL CLASSES,BACK,MEAT&SKN,CKD,RSTD",57.94,244,26.59,14.38,0.93,0.16,0.0,0.0,33.0,2.19,22.0,189.0,260.0,73.0,3.92,0.142,0.023,37.8,0.0,0.054,0.224,3.446,1.073,0.3,8.0,0.0,8.0,8.0,67.6,0.34,0.0,0.0,0.0,0.0,0.0,0.0,0.0,0.0,0.59,0.0,1.0,4.5,4.18,5.0,3.7,91.0
146,146,"CHICKEN,BROILERS OR FRYERS,DRUMSTK,MEAT&SKN,CKD,STWD",65.12,204,25.32,10.64,0.82,0.0,0.0,0.0,11.0,1.33,20.0,141.0,184.0,76.0,2.65,0.071,0.019,17.0,0.0,0.05,0.19,4.204,0.858,0.19,7.0,0.0,7.0,7.0,59.2,0.22,91.0,27.0,27.0,0.0,0.0,0.0,0.0,0.0,0.27,0.1,5.0,4.0,2.91,4.07,2.38,83.0
734,734,"ICE CREAMS,VANILLA,LT",59.85,180,4.78,4.83,1.07,29.46,0.3,22.12,161.0,0.19,14.0,103.0,208.0,74.0,0.73,0.017,0.005,2.0,1.2,0.053,0.255,0.136,0.481,0.045,6.0,0.0,6.0,6.0,26.0,0.47,448.0,128.0,127.0,0.0,14.0,0.0,0.0,0.0,0.12,0.1,4.0,0.4,2.927,1.281,0.219,27.0
728,728,"PIE,PEACH",54.4,224,1.9,10.0,0.8,32.9,0.8,16.23,8.0,0.5,6.0,22.0,125.0,217.0,0.09,0.053,0.152,1.3,0.9,0.061,0.033,0.2,0.114,0.023,29.0,25.0,4.0,46.0,7.2,0.0,140.0,10.0,4.0,0.0,64.0,25.0,0.0,15.0,0.94,0.0,0.0,3.3,1.508,4.241,3.749,0.0
786,786,"FAST FOODS,SUB,SWT ONION CHICK WIT BRD W/ LTTC,TMT SWT ONION",62.4,155,10.91,2.37,1.78,22.54,1.2,6.06,142.0,1.52,23.0,139.0,285.0,305.0,0.64,0.071,0.282,15.4,1.1,0.273,0.213,5.063,0.655,0.282,58.0,34.0,23.0,82.0,22.9,0.11,56.0,3.0,0.0,0.0,33.0,0.0,208.0,87.0,0.38,0.0,1.0,4.2,0.505,0.642,0.831,22.0
409,409,"BEANS,SNAP,GRN,FRZ,CKD,BLD,DRND WO/SALT",91.42,28,1.49,0.17,0.47,6.45,3.0,1.88,42.0,0.66,19.0,29.0,159.0,1.0,0.24,0.059,0.288,0.4,4.1,0.035,0.09,0.383,0.049,0.06,23.0,0.0,23.0,23.0,13.5,0.0,419.0,21.0,0.0,55.0,224.0,0.0,0.0,508.0,0.04,0.0,0.0,38.1,0.044,0.008,0.083,0.0
18,18,"MILK,CHOC,FLUID,COMM,WHL,W/ ADDED VIT A & VITAMIN D",82.3,83,3.17,3.39,0.8,10.34,0.8,9.54,112.0,0.24,13.0,101.0,167.0,60.0,0.41,0.065,0.077,1.9,0.9,0.037,0.162,0.125,0.295,0.04,5.0,0.0,5.0,5.0,17.0,0.33,98.0,27.0,26.0,0.0,7.0,0.0,0.0,0.0,0.07,1.3,51.0,0.3,2.104,0.99,0.124,12.0
209,209,"SOUP,CHICK NOODLE,CND,COND",88.2,48,2.37,1.55,1.81,6.07,0.9,0.0,6.0,0.67,8.0,38.0,48.0,681.0,0.28,0.027,0.098,6.3,0.0,0.079,0.07,1.222,0.107,0.042,14.0,10.0,5.0,21.0,11.2,0.12,410.0,22.0,2.0,0.0,243.0,0.0,0.0,7.0,0.05,0.0,0.0,0.0,0.389,0.536,0.339,8.0
907,907,"BEEF,CHUCK,ARM POT RST,LN,1/8"" FAT,CHOIC,RAW",72.51,139,21.96,5.05,1.02,0.0,0.0,0.0,15.0,2.02,23.0,201.0,332.0,74.0,5.48,0.091,0.015,24.5,0.0,0.077,0.168,5.221,0.654,0.489,13.0,0.0,13.0,13.0,91.7,2.11,0.0,0.0,0.0,0.0,0.0,0.0,0.0,0.0,0.29,0.1,3.0,1.2,1.875,2.119,0.232,65.0
886,886,"BEEF,COMP OF RTL CUTS,LN & FAT,0"" FAT,CHOIC,RAW",68.0,176,21.34,10.08,1.01,0.06,0.0,0.0,13.0,2.07,17.0,194.0,306.0,61.0,4.82,0.071,0.007,23.2,0.0,0.071,0.192,5.513,0.484,0.524,4.0,0.0,4.0,4.0,62.8,2.32,9.0,3.0,3.0,0.0,0.0,0.0,0.0,0.0,0.2,0.1,2.0,1.4,4.122,4.683,0.563,66.0
236,236,"SOUP,CRM OF SHRIMP,CND,PREP W/ EQ VOLUME H2O",92.38,36,1.11,2.07,1.18,3.27,0.1,0.24,9.0,0.21,4.0,13.0,24.0,391.0,0.3,0.055,0.15,2.3,0.0,0.008,0.011,0.17,0.055,0.015,2.0,0.0,2.0,2.0,3.4,0.24,63.0,16.0,15.0,0.0,0.0,0.0,0.0,0.0,0.0,0.0,0.0,0.0,1.29,0.595,0.075,7.0
546,546,"BEEF,TOP SIRLOIN,STEAK,LN,0"" FAT,ALL GRDS,CKD,BRLD",62.98,183,30.55,5.79,1.31,0.0,0.0,0.0,20.0,1.96,26.0,244.0,393.0,64.0,5.71,0.091,0.011,35.8,0.0,0.083,0.155,8.741,0.601,0.656,10.0,0.0,10.0,10.0,116.3,1.71,0.0,0.0,0.0,0.0,0.0,0.0,0.0,0.0,0.39,0.1,4.0,1.4,2.205,2.31,0.213,82.0
324,324,"PLUMS,CND,PURPLE,LT SYRUP PK,SOL&LIQUIDS",83.0,63,0.37,0.1,0.25,16.28,0.9,15.35,9.0,0.86,5.0,13.0,93.0,20.0,0.08,0.038,0.032,0.0,0.4,0.016,0.039,0.297,0.072,0.027,3.0,0.0,3.0,3.0,1.3,0.0,231.0,12.0,0.0,0.0,127.0,23.0,0.0,49.0,0.18,0.0,0.0,4.3,0.008,0.069,0.023,0.0
325,325,"POMEGRANATES,RAW",77.93,83,1.67,1.17,0.53,18.7,4.0,13.67,10.0,0.3,12.0,36.0,236.0,3.0,0.35,0.158,0.119,0.5,10.2,0.067,0.053,0.293,0.377,0.075,38.0,0.0,38.0,38.0,7.6,0.0,0.0,0.0,0.0,0.0,0.0,0.0,0.0,0.0,0.6,0.0,0.0,16.4,0.12,0.093,0.079,0.0
95,95,"INF FORMULA, MEAD JOHN, ENFAMIL LIPIL,W/ IRON,RTF,W/ AR & DH",88.35,64,1.38,3.5,0.32,7.1,0.0,7.1,51.0,1.18,5.0,35.0,71.0,18.0,0.66,0.05,0.01,1.8,7.9,0.052,0.092,0.66,0.33,0.04,11.0,11.0,0.0,18.0,8.0,0.19,193.0,58.0,58.0,0.0,0.0,0.0,0.0,0.0,0.87,1.0,40.0,5.2,1.453,1.255,0.67,1.0
193,193,"TURKEY,DK MEAT,MEAT ONLY,W/ ADDED SOLN,CKD,RSTD",66.85,158,26.1,6.0,1.24,0.0,0.0,0.0,16.0,1.07,24.0,208.0,227.0,201.0,3.4,0.128,0.017,31.4,0.0,0.056,0.335,6.827,1.015,0.435,8.0,0.0,8.0,8.0,90.3,1.65,18.0,5.0,5.0,0.0,0.0,0.0,0.0,0.0,0.07,0.3,10.0,0.0,1.807,2.061,1.662,105.0
81,81,"BABYFOOD,FRUIT,BANANAS W/APPLS&PEARS,STR",79.0,83,0.9,0.22,0.57,19.31,1.4,12.76,5.0,0.3,25.0,19.0,233.0,2.0,0.1,0.08,0.082,0.6,13.9,0.01,0.03,0.55,0.145,0.29,5.0,0.0,5.0,5.0,7.1,0.0,56.0,3.0,0.0,15.0,23.0,6.0,0.0,10.0,0.08,0.0,0.0,0.6,0.106,0.028,0.085,0.0
226,226,"SPLIT PEA W/ HAM SOUP,CND,RED NA,PREP W/ H2O OR RTS",82.8,68,4.0,0.7,1.0,11.4,1.9,1.57,16.0,0.7,14.0,54.0,204.0,196.0,0.49,0.1,0.198,0.3,1.0,0.083,0.038,0.695,0.25,0.048,29.0,0.0,29.0,29.0,22.3,0.03,415.0,21.0,0.0,90.0,201.0,5.0,0.0,18.0,0.06,0.0,0.0,2.6,0.294,0.282,0.135,3.0
874,874,"BEEF,LON,TP LON STK,BNLSS,LIP-ON,LN,1/8"" FAT,CHC,CKD,GRILLD",60.58,208,28.66,10.34,1.13,0.0,0.0,0.0,13.0,2.58,22.0,226.0,293.0,56.0,4.66,0.071,0.003,26.9,0.0,0.06,0.212,7.46,0.32,0.714,7.0,0.0,7.0,7.0,68.9,1.88,5.0,1.0,1.0,0.0,0.0,0.0,0.0,0.0,0.24,0.1,4.0,1.6,3.917,4.59,0.545,80.0
593,593,"BEVERAGES,CARB,SPRITE,LEMON-LIME,WO/ CAFFEINE",89.78,40,0.05,0.02,0.01,10.14,0.0,8.98,2.0,0.11,1.0,0.0,1.0,9.0,0.04,0.001,0.002,0.0,0.0,0.0,0.0,0.015,0.0,0.0,0.0,0.0,0.0,0.0,0.4,0.0,0.0,0.0,0.0,0.0,0.0,0.0,0.0,0.0,0.0,0.0,0.0,0.0,0.0,0.0,0.0,0.0
459,459,"POTATOES,FRENCH FR,ALL TYPES,SALT ADDED IN PROC,FRZ,OVEN HTD",64.44,158,2.75,5.48,1.77,25.55,2.0,0.37,12.0,0.57,24.0,87.0,478.0,324.0,0.35,0.104,0.154,0.4,8.6,0.13,0.032,2.077,0.463,0.261,23.0,0.0,23.0,23.0,23.7,0.0,5.0,0.0,0.0,0.0,3.0,0.0,0.0,16.0,0.39,0.0,0.0,7.4,0.848,1.874,1.502,0.0
48,48,"YOGURT,GREEK,PLN,NONFAT",85.1,59,10.19,0.39,0.72,3.6,0.0,3.24,110.0,0.07,11.0,135.0,141.0,36.0,0.52,0.017,0.009,9.7,0.0,0.023,0.278,0.208,0.331,0.063,7.0,0.0,7.0,7.0,15.1,0.75,4.0,1.0,1.0,0.0,0.0,0.0,0.0,0.0,0.01,0.0,0.0,0.0,0.117,0.053,0.012,5.0
590,590,"BEVERAGES,CARB,GINGER ALE",91.23,34,0.0,0.0,0.01,8.76,0.0,8.9,3.0,0.18,1.0,0.0,1.0,7.0,0.05,0.018,0.013,0.1,0.0,0.0,0.0,0.0,0.0,0.0,0.0,0.0,0.0,0.0,0.0,0.0,0.0,0.0,0.0,0.0,0.0,0.0,0.0,0.0,0.0,0.0,0.0,0.0,0.0,0.0,0.0,0.0
771,771,"NOODLES,EGG,UNENR,CKD,WO/ ADDED SALT",67.73,138,4.54,2.07,0.5,25.16,1.2,0.4,12.0,0.6,21.0,76.0,38.0,5.0,0.65,0.098,0.315,23.9,0.0,0.03,0.02,0.4,0.263,0.046,7.0,0.0,7.0,7.0,25.7,0.09,21.0,6.0,6.0,0.0,1.0,0.0,0.0,38.0,0.17,0.1,4.0,0.0,0.419,0.581,0.552,29.0
261,261,"CEREALS,OATS,INST,FORT,W/ RAISINS & SPICE,PREP W/ H2O",78.44,88,1.98,0.95,0.72,17.91,1.3,8.71,56.0,2.21,19.0,64.0,85.0,111.0,0.42,0.074,0.466,1.6,0.1,0.179,0.152,2.343,0.188,0.253,50.0,45.0,5.0,82.0,6.0,0.0,460.0,138.0,138.0,0.0,0.0,0.0,0.0,24.0,0.09,0.0,0.0,0.5,0.15,0.283,0.299,0.0
393,393,"PORK,GROUND,84% LN / 16% FAT,CKD,CRUMBLES",51.35,289,26.69,20.04,1.34,0.58,0.0,0.0,20.0,1.1,23.0,226.0,354.0,89.0,2.57,0.04,0.013,42.4,0.0,0.421,0.486,9.286,0.915,0.613,1.0,0.0,1.0,1.0,89.7,1.02,0.0,0.0,0.0,0.0,0.0,0.0,0.0,0.0,0.31,0.5,20.0,0.0,6.631,9.021,2.549,89.0
462,462,"RADISHES,ORIENTAL,CKD,BLD,DRND,WO/SALT",95.04,17,0.67,0.24,0.62,3.43,1.6,1.83,17.0,0.15,9.0,24.0,285.0,13.0,0.13,0.101,0.033,0.7,15.1,0.0,0.023,0.15,0.114,0.038,17.0,0.0,17.0,17.0,6.8,0.0,0.0,0.0,0.0,0.0,0.0,0.0,0.0,0.0,0.0,0.0,0.0,0.3,0.073,0.04,0.108,0.0
433,433,"ONIONS,RAW",89.11,40,1.1,0.1,0.35,9.34,1.7,4.24,23.0,0.21,10.0,29.0,146.0,4.0,0.17,0.039,0.129,0.5,7.4,0.046,0.027,0.116,0.123,0.12,19.0,0.0,19.0,19.0,6.1,0.0,2.0,0.0,0.0,0.0,1.0,0.0,0.0,4.0,0.02,0.0,0.0,0.4,0.042,0.013,0.017,0.0
595,595,"BEVERAGES,CARB,COLA,WO/ CAFFEINE",89.62,41,0.0,0.0,0.06,10.58,0.0,10.58,2.0,0.02,0.0,11.0,3.0,4.0,0.01,0.0,0.0,0.1,0.0,0.0,0.0,0.0,0.0,0.0,0.0,0.0,0.0,0.0,0.3,0.0,0.0,0.0,0.0,0.0,0.0,0.0,0.0,0.0,0.0,0.0,0.0,0.0,0.0,0.0,0.0,0.0
823,823,"BEEF,RIB EYE STEAK,BNLESS,LIP OFF,LN,0"" FAT,ALL GRDS,RAW",69.93,154,21.85,7.41,0.98,0.0,0.0,0.0,6.0,1.94,23.0,156.0,276.0,56.0,5.67,0.076,0.075,27.3,0.0,0.115,0.271,5.555,0.53,0.467,4.0,0.0,4.0,4.0,48.7,1.87,7.0,2.0,2.0,0.0,0.0,0.0,0.0,0.0,0.15,0.1,3.0,1.5,2.759,3.277,0.439,66.0
12,12,"MILK,RED FAT,FLUID,2% MILKFAT,W/ ADDED VIT A & VITAMIN D",89.21,50,3.3,1.98,0.71,4.8,0.0,5.06,120.0,0.02,11.0,92.0,140.0,47.0,0.48,0.006,0.014,2.5,0.2,0.039,0.185,0.092,0.356,0.038,5.0,0.0,5.0,5.0,16.4,0.53,190.0,55.0,55.0,0.0,4.0,0.0,0.0,0.0,0.03,1.2,49.0,0.2,1.257,0.56,0.073,8.0
730,730,"ROLLS,DINNER,WHEAT",37.0,273,8.6,6.3,2.1,46.0,3.8,1.63,176.0,3.55,36.0,104.0,115.0,524.0,0.9,0.15,1.023,33.0,0.0,0.433,0.273,4.072,0.364,0.076,60.0,45.0,15.0,92.0,18.7,0.0,0.0,0.0,0.0,0.0,0.0,0.0,0.0,65.0,0.36,0.0,0.0,2.7,1.497,3.109,1.107,0.0
572,572,"BEEF,TOP SIRLOIN,STEAK,LN & FAT,1/8"" FAT,ALL GRDS,CKD,BRLD",58.36,243,26.96,14.23,1.11,0.0,0.0,0.0,20.0,1.73,22.0,209.0,336.0,56.0,4.87,0.081,0.009,29.2,0.0,0.073,0.13,7.176,0.531,0.564,8.0,0.0,8.0,8.0,102.7,1.59,0.0,0.0,0.0,0.0,0.0,0.0,0.0,0.0,0.44,0.2,9.0,1.6,5.603,5.93,0.547,92.0
385,385,"PORK,CURED,HAM,SHANK,BONE-IN,LN & FAT,HTD,RSTD",63.67,191,24.39,9.35,2.8,0.64,0.0,0.64,7.0,1.42,22.0,257.0,356.0,810.0,2.59,0.158,0.026,23.4,0.0,0.46,0.298,6.885,0.648,0.44,1.0,0.0,1.0,1.0,93.5,0.58,5.0,1.0,1.0,0.0,0.0,0.0,0.0,0.0,0.33,1.0,39.0,0.0,3.018,4.082,1.288,70.0
484,484,"YAMBEAN (JICAMA),RAW",90.07,38,0.72,0.09,0.3,8.82,4.9,1.8,12.0,0.6,12.0,18.0,150.0,4.0,0.16,0.048,0.06,0.7,20.2,0.02,0.029,0.2,0.135,0.042,12.0,0.0,12.0,12.0,13.6,0.0,21.0,1.0,0.0,0.0,13.0,0.0,0.0,0.0,0.46,0.0,0.0,0.3,0.021,0.005,0.043,0.0
458,458,"POTATOES,FRZ,WHL,UNPREP",79.3,78,2.38,0.16,0.69,17.47,1.2,0.78,8.0,1.01,13.0,32.0,346.0,25.0,0.3,0.094,0.223,0.3,14.2,0.154,0.031,1.68,0.374,0.256,13.0,0.0,13.0,13.0,12.2,0.0,2.0,0.0,0.0,0.0,1.0,0.0,0.0,8.0,0.01,0.0,0.0,1.9,0.041,0.003,0.067,0.0
494,494,"BEANS,SNAP,YEL,CND,REG PK,SOL&LIQUIDS",94.68,15,0.8,0.1,0.92,3.5,1.5,0.62,24.0,0.9,13.0,19.0,98.0,259.0,0.2,0.07,0.335,0.2,3.4,0.025,0.051,0.2,0.106,0.03,18.0,0.0,18.0,18.0,11.8,0.0,83.0,4.0,0.0,0.0,50.0,0.0,0.0,363.0,0.03,0.0,0.0,31.2,0.023,0.004,0.052,0.0
710,710,"BREAD,OAT BRAN,TOASTED",38.5,259,11.4,4.8,1.6,43.7,4.9,8.46,71.0,3.43,34.0,116.0,123.0,387.0,1.05,0.128,0.76,33.0,0.0,0.443,0.343,4.778,0.114,0.04,69.0,50.0,19.0,104.0,16.1,0.0,5.0,2.0,2.0,0.0,0.0,0.0,0.0,48.0,0.48,0.0,0.0,1.3,0.766,1.748,1.861,0.0
43,43,"YOGURT,VANILLA,LOFAT,11 GRAMS PROT PER 8 OZ,FORT W/ VIT D",79.0,85,4.93,1.25,1.02,13.8,0.0,13.8,171.0,0.07,16.0,135.0,219.0,66.0,0.83,0.013,0.004,4.9,0.8,0.042,0.201,0.107,0.552,0.045,11.0,0.0,11.0,11.0,15.2,0.53,43.0,12.0,12.0,0.0,2.0,0.0,0.0,0.0,0.02,1.2,47.0,0.1,0.806,0.343,0.036,5.0
436,436,"ONIONS,FRZ,WHL,UNPREP",90.22,35,0.89,0.06,0.38,8.45,1.7,3.81,36.0,0.46,10.0,23.0,142.0,10.0,0.12,0.05,0.125,0.4,8.0,0.026,0.024,0.175,0.099,0.093,21.0,0.0,21.0,21.0,5.5,0.0,2.0,0.0,0.0,0.0,1.0,0.0,0.0,4.0,0.02,0.0,0.0,0.4,0.011,0.009,0.025,0.0
17,17,"MILK,LO NA,FLUID",88.2,61,3.1,3.46,0.78,4.46,0.0,4.46,101.0,0.05,5.0,86.0,253.0,3.0,0.38,0.01,0.004,2.0,0.9,0.02,0.105,0.043,0.304,0.034,5.0,0.0,5.0,5.0,16.0,0.36,105.0,29.0,28.0,0.0,7.0,0.0,0.0,0.0,0.08,1.3,51.0,0.3,2.154,0.999,0.128,14.0
61,61,"VINEGAR,CIDER",93.81,21,0.0,0.0,0.17,0.93,0.0,0.4,7.0,0.2,5.0,8.0,73.0,5.0,0.04,0.008,0.249,0.1,0.0,0.0,0.0,0.0,0.0,0.0,0.0,0.0,0.0,0.0,0.0,0.0,0.0,0.0,0.0,0.0,0.0,0.0,0.0,0.0,0.0,0.0,0.0,0.0,0.0,0.0,0.0,0.0
140,140,"CHICKEN,BROILERS OR FRYERS,BACK,MEAT&SKN,CKD,RSTD",53.52,300,25.95,20.97,0.92,0.0,0.0,0.0,21.0,1.42,20.0,154.0,210.0,87.0,2.25,0.076,0.022,22.5,0.0,0.061,0.195,6.718,1.012,0.27,6.0,0.0,6.0,6.0,62.3,0.27,348.0,105.0,105.0,0.0,0.0,0.0,0.0,0.0,0.27,0.1,2.0,4.9,5.82,8.29,4.62,88.0
283,283,"BOYSENBERRIES,FRZ,UNSWTND",85.9,50,1.1,0.26,0.54,12.19,5.3,6.89,27.0,0.85,16.0,27.0,139.0,1.0,0.22,0.08,0.547,0.2,3.1,0.053,0.037,0.767,0.25,0.056,63.0,0.0,63.0,63.0,10.2,0.0,67.0,3.0,0.0,0.0,40.0,0.0,0.0,118.0,0.87,0.0,0.0,7.8,0.009,0.025,0.148,0.0
390,390,"PORK,FRSH,SHDR,(BSTN BT),BLDE(STKS),LN&FT,WADDEDSLN,CKD,BRSD",56.13,263,25.84,16.94,1.19,0.03,0.0,0.0,27.0,1.72,20.0,227.0,370.0,151.0,4.48,0.192,0.012,42.3,0.0,0.406,0.357,3.61,1.329,0.463,0.0,0.0,0.0,0.0,106.2,0.98,0.0,0.0,0.0,0.0,0.0,0.0,0.0,0.0,0.12,1.1,44.0,0.0,6.288,7.613,2.006,97.0
105,105,"INF FORMULA, ABB NUTR, SIMI,SENS (LACT FRE) RTF,W/ ARA & DHA",87.0,68,1.48,3.74,0.75,7.4,0.0,7.4,58.0,1.24,3.0,39.0,74.0,21.0,0.52,0.06,0.003,1.2,6.0,0.069,0.104,0.726,0.311,0.042,10.0,10.0,0.0,18.0,11.1,0.17,208.0,62.0,62.0,0.0,0.0,0.0,0.0,0.0,0.93,1.0,40.0,5.5,2.43,0.384,0.832,2.0
344,344,"PORK,FRSH,LOIN,BLADE (CHOPS OR ROASTS),BONE-IN,LN&FAT,RAW",67.64,194,19.56,12.27,1.0,0.0,0.0,0.0,35.0,0.66,17.0,207.0,288.0,69.0,2.56,0.082,0.008,29.4,0.0,0.499,0.314,6.704,1.046,0.427,0.0,0.0,0.0,0.0,67.2,0.55,20.0,6.0,6.0,0.0,0.0,0.0,0.0,0.0,0.21,0.7,29.0,0.0,4.27,4.913,1.941,63.0
262,262,"CEREALS,CORN GRITS,WHITE,REG & QUICK,ENR,CKD W/ H2O,W/ SALT",82.93,71,1.71,0.46,0.15,14.76,0.8,0.12,1.0,0.57,7.0,20.0,27.0,223.0,0.18,0.0,0.037,3.1,0.0,0.086,0.058,0.799,0.046,0.046,28.0,14.0,14.0,38.0,2.6,0.0,0.0,0.0,0.0,0.0,0.0,0.0,0.0,1.0,0.03,0.0,0.0,0.0,0.066,0.064,0.165,0.0
701,701,"GAME MEAT,DEER,GROUND,RAW",71.15,157,21.78,7.13,0.88,0.0,0.0,0.0,11.0,2.92,21.0,201.0,330.0,75.0,4.2,0.14,0.014,10.0,0.0,0.547,0.287,5.7,0.69,0.464,4.0,0.0,4.0,4.0,87.9,1.87,0.0,0.0,0.0,0.0,0.0,0.0,0.0,0.0,0.45,0.0,0.0,1.2,3.361,1.344,0.394,80.0
865,865,"BEEF,RND,TOP RND RST,BNLESS,LN,0"" FAT,ALL GRDS,CKD,RSTD",64.96,162,30.09,3.77,1.29,0.0,0.0,0.0,16.0,2.89,15.0,272.0,387.0,67.0,4.57,0.059,0.005,27.4,0.0,0.079,0.291,7.978,0.442,0.784,5.0,0.0,5.0,5.0,80.1,2.03,8.0,2.0,2.0,0.0,0.0,0.0,0.0,0.0,0.28,0.0,1.0,1.9,1.383,1.594,0.275,77.0
68,68,"BABYFOOD,MEAT,LAMB,STR",81.06,87,14.07,3.41,0.6,0.85,0.0,0.0,7.0,1.19,13.0,104.0,193.0,43.0,2.43,0.148,0.037,2.2,1.2,0.02,0.174,2.908,0.112,0.037,0.0,0.0,0.0,0.0,54.7,1.9,0.0,0.0,0.0,0.0,0.0,0.0,0.0,0.0,0.19,0.1,4.0,0.6,1.65,1.27,0.31,36.0
245,245,"SOUP,CRM OF CHICK,CND,COND,RED NA",85.8,58,1.8,1.3,1.5,9.5,0.4,0.39,11.0,0.2,2.0,23.0,272.0,357.0,0.13,0.034,0.055,6.3,0.0,0.005,0.022,0.637,0.04,0.012,4.0,0.0,4.0,4.0,8.5,0.05,432.0,25.0,4.0,94.0,205.0,0.0,0.0,7.0,0.08,0.0,0.0,0.7,0.5,0.4,0.4,6.0
644,644,"COD,ATLANTIC,RAW",81.22,82,17.81,0.67,1.16,0.0,0.0,0.0,16.0,0.38,32.0,203.0,413.0,54.0,0.45,0.028,0.015,33.1,1.0,0.076,0.065,2.063,0.153,0.245,7.0,0.0,7.0,7.0,65.2,0.91,40.0,12.0,12.0,0.0,0.0,0.0,0.0,0.0,0.64,0.9,36.0,0.1,0.131,0.094,0.231,43.0
149,149,"CHICKEN,BROILERS OR FRYERS,LEG,MEAT&SKN,RAW",67.3,214,16.37,15.95,0.81,0.17,0.0,0.0,9.0,0.69,19.0,155.0,203.0,84.0,1.47,0.054,0.016,18.0,0.2,0.073,0.141,4.733,0.994,0.318,4.0,0.0,4.0,4.0,41.6,0.56,92.0,28.0,28.0,0.0,0.0,0.0,0.0,91.0,0.22,0.1,2.0,2.3,4.366,6.619,3.352,93.0
289,289,"CHERRIES,SWT,CND,JUC PK,SOL&LIQUIDS",84.95,54,0.91,0.02,0.31,13.81,1.5,12.31,14.0,0.58,12.0,22.0,131.0,3.0,0.1,0.073,0.061,0.0,2.5,0.018,0.024,0.406,0.127,0.03,4.0,0.0,4.0,4.0,4.7,0.0,125.0,6.0,0.0,0.0,75.0,0.0,0.0,57.0,0.23,0.0,0.0,1.4,0.004,0.005,0.006,0.0
538,538,"BEEF,SHRT LN,T-BONE STK,BN-IN,LN,1/8"" FAT,CHOIC,CKD,GRILLD",60.6,217,27.48,11.05,1.02,0.0,0.0,0.0,19.0,3.57,20.0,210.0,280.0,68.0,4.69,0.079,0.004,30.4,0.0,0.057,0.27,6.292,0.307,0.758,7.0,0.0,7.0,7.0,66.1,1.89,5.0,1.0,1.0,0.0,0.0,0.0,0.0,0.0,0.14,0.1,3.0,1.5,4.6,5.159,0.583,81.0
454,454,"POTATOES,HASH BROWN,FRZ,PLN,PREP,PAN FRIED IN CANOLA OIL",55.95,219,2.65,11.59,1.3,28.51,3.2,0.27,17.0,0.54,28.0,79.0,496.0,15.0,0.38,0.115,0.184,0.5,6.7,0.134,0.033,2.314,0.574,0.236,16.0,0.0,16.0,16.0,23.2,0.0,0.0,0.0,0.0,0.0,0.0,0.0,0.0,0.0,2.19,0.0,0.0,18.1,0.934,7.295,2.785,0.0
87,87,"BABYFOOD,APPLS W/HAM,STR",85.3,62,2.6,0.9,0.3,10.9,1.8,7.98,4.0,0.3,7.0,34.0,120.0,9.0,0.4,0.04,0.02,4.6,0.1,0.06,0.06,0.73,0.097,0.07,2.0,0.0,2.0,2.0,11.8,0.02,6.0,0.0,0.0,0.0,3.0,2.0,0.0,14.0,0.07,0.1,3.0,0.5,0.25,0.36,0.111,8.0
19,19,"MILK,CHOC,FLUID,COMM,RED FAT",82.17,76,2.99,1.9,0.81,12.13,0.7,9.55,109.0,0.24,14.0,102.0,169.0,66.0,0.39,0.075,0.062,3.4,0.0,0.045,0.183,0.164,0.539,0.024,2.0,0.0,2.0,2.0,17.1,0.33,227.0,64.0,63.0,0.0,11.0,0.0,0.0,0.0,0.04,1.2,49.0,0.2,1.177,0.455,0.089,8.0
161,161,"DUCK,DOMESTICATED,MEAT ONLY,RAW",73.77,135,18.28,5.95,1.06,0.94,0.0,0.0,11.0,2.4,19.0,203.0,271.0,74.0,1.9,0.253,0.019,13.9,5.8,0.36,0.45,5.3,1.6,0.34,25.0,0.0,25.0,25.0,53.6,0.4,79.0,24.0,24.0,0.0,0.0,0.0,0.0,0.0,0.7,0.1,3.0,2.8,2.32,1.54,0.75,77.0
722,722,"PIE,APPL,COMMLY PREP,ENR FLR",52.2,237,1.9,11.0,0.9,34.0,1.6,15.65,11.0,0.45,7.0,24.0,65.0,201.0,0.16,0.046,0.182,1.0,3.2,0.028,0.027,0.263,0.119,0.038,27.0,23.0,4.0,43.0,7.2,0.01,124.0,32.0,31.0,0.0,9.0,6.0,0.0,9.0,1.52,0.0,0.0,3.5,3.797,4.388,2.198,0.0
337,337,"PORK,FRSH,LEG (HAM),RUMP HALF,LN&FAT,CKD,RSTD",61.92,209,27.03,10.32,1.17,0.0,0.0,0.0,16.0,0.9,25.0,255.0,416.0,77.0,2.31,0.112,0.016,25.0,0.0,0.489,0.379,7.444,0.859,0.501,0.0,0.0,0.0,0.0,92.8,0.67,10.0,3.0,3.0,0.0,0.0,0.0,0.0,0.0,0.27,0.4,17.0,0.0,3.369,4.322,2.198,85.0
881,881,"BEEF,COMP OF RTL CUTS,LN,1/8"" FAT,ALL GRDS,RAW",71.78,140,22.15,5.38,1.06,0.0,0.0,0.0,17.0,1.84,21.0,194.0,316.0,56.0,4.59,0.081,0.029,26.6,0.0,0.085,0.187,6.139,0.552,0.589,9.0,0.0,9.0,9.0,74.7,1.61,3.0,1.0,1.0,0.0,0.0,0.0,0.0,0.0,0.25,0.0,2.0,1.3,1.974,2.285,0.277,62.0
831,831,"BEEF,PLATE STEAK,BNLESS,INSIDE SKIRT,LN & FAT,0"" FAT,CHOC,RW",66.55,195,20.06,12.78,0.91,0.0,0.0,0.0,6.0,1.7,20.0,144.0,254.0,65.0,5.97,0.084,0.084,23.1,0.0,0.053,0.275,5.076,0.621,0.422,3.0,0.0,3.0,3.0,45.7,2.46,13.0,4.0,4.0,0.0,0.0,0.0,0.0,0.0,0.17,0.1,4.0,1.5,5.034,6.01,0.596,65.0
481,481,"WAXGOURD,(CHINESE PRESERVING MELON),CKD,BLD,DRND,WO/SALT",96.06,14,0.4,0.2,0.3,3.04,1.0,1.18,18.0,0.38,10.0,17.0,5.0,107.0,0.59,0.022,0.056,0.2,10.5,0.034,0.001,0.384,0.121,0.032,4.0,0.0,4.0,4.0,4.9,0.0,0.0,0.0,0.0,0.0,0.0,0.0,0.0,197.0,0.08,0.0,0.0,2.8,0.016,0.037,0.088,0.0
597,597,"BEVERAGES,CARB,RED SUGAR,COLA,CONTAINS CAFFEINE & SWEETENERS",94.78,20,0.0,0.0,0.06,5.16,0.0,5.16,2.0,0.02,0.0,11.0,3.0,4.0,0.01,0.0,0.0,0.1,0.0,0.0,0.0,0.0,0.0,0.0,0.0,0.0,0.0,0.0,0.3,0.0,0.0,0.0,0.0,0.0,0.0,0.0,0.0,0.0,0.0,0.0,0.0,0.0,0.0,0.0,0.0,0.0
310,310,"OLIVES,RIPE,CND (JUMBO-SUPER COLOSSAL)",84.34,81,0.97,6.87,2.22,5.61,2.5,0.0,94.0,3.32,4.0,3.0,9.0,735.0,0.22,0.226,0.02,0.9,1.5,0.003,0.0,0.022,0.015,0.012,0.0,0.0,0.0,0.0,6.6,0.0,346.0,17.0,0.0,0.0,204.0,8.0,0.0,510.0,1.65,0.0,0.0,1.4,0.909,5.071,0.586,0.0
575,575,"ALCOHOLIC BEV,BEER,REG,ALL",91.96,43,0.46,0.0,0.16,3.55,0.0,0.0,4.0,0.02,6.0,14.0,27.0,4.0,0.01,0.005,0.008,0.6,0.0,0.005,0.025,0.513,0.041,0.046,6.0,0.0,6.0,6.0,10.1,0.02,0.0,0.0,0.0,0.0,0.0,0.0,0.0,0.0,0.0,0.0,0.0,0.0,0.0,0.0,0.0,0.0
8,8,EGGNOG,82.54,88,4.55,4.19,0.67,8.05,0.0,8.05,130.0,0.2,19.0,109.0,165.0,54.0,0.46,0.013,0.005,4.2,1.5,0.034,0.19,0.105,0.417,0.05,1.0,0.0,1.0,1.0,52.2,0.45,206.0,59.0,58.0,0.0,7.0,0.0,0.0,54.0,0.21,1.2,49.0,0.3,2.591,1.302,0.198,59.0
671,671,"HUMMUS,HOME PREP",64.87,177,4.86,8.59,1.56,20.12,4.0,0.27,49.0,1.56,29.0,110.0,173.0,242.0,1.09,0.224,0.567,2.4,7.9,0.089,0.052,0.399,0.287,0.399,59.0,0.0,59.0,59.0,27.8,0.0,5.0,0.0,0.0,0.0,2.0,2.0,0.0,1.0,0.75,0.0,0.0,3.0,1.141,4.865,2.109,0.0
609,609,"BEVERAGES,COFFEE,BREWED,ESPRESSO,REST-PREP",97.8,9,0.12,0.18,0.23,1.67,0.0,0.0,2.0,0.13,80.0,7.0,115.0,14.0,0.05,0.05,0.05,0.0,0.2,0.001,0.177,5.207,0.028,0.002,1.0,0.0,1.0,1.0,2.6,0.0,0.0,0.0,0.0,0.0,0.0,0.0,0.0,0.0,0.01,0.0,0.0,0.1,0.092,0.0,0.092,0.0
552,552,"BEEF,GROUND,70% LN MEAT / 30% FAT,LOAF,CKD,BKD",58.37,241,23.87,15.37,0.88,0.0,0.0,0.0,33.0,2.27,17.0,166.0,241.0,73.0,5.84,0.079,0.009,19.1,0.0,0.051,0.171,4.026,0.512,0.311,7.0,0.0,7.0,7.0,73.2,2.49,9.0,3.0,3.0,0.0,0.0,0.0,0.0,0.0,0.12,0.0,2.0,2.9,6.073,7.322,0.408,88.0
362,362,"PORK,FRSH,LOIN,TOP LOIN (ROASTS),BNLESS,LN,CKD,RSTD",65.6,173,27.23,6.28,1.01,0.0,0.0,0.0,6.0,0.64,26.0,227.0,357.0,47.0,2.16,0.079,0.007,35.8,0.0,0.561,0.237,7.277,0.684,0.713,0.0,0.0,0.0,0.0,77.3,0.55,0.0,0.0,0.0,0.0,0.0,0.0,0.0,0.0,0.1,0.4,18.0,0.0,1.927,2.464,0.631,79.0
627,627,"BEVERAGES,CARB,COLA,FAST-FOOD COLA",90.31,37,0.07,0.02,0.04,9.56,0.0,8.97,2.0,0.11,0.0,10.0,2.0,4.0,0.02,0.001,0.002,0.1,0.0,0.0,0.0,0.0,0.0,0.0,0.0,0.0,0.0,0.0,0.3,0.0,0.0,0.0,0.0,0.0,0.0,0.0,0.0,0.0,0.0,0.0,0.0,0.0,0.0,0.0,0.0,0.0
11,11,"MILK,WHL,3.25% MILKFAT,W/ ADDED VITAMIN D",88.13,61,3.15,3.25,0.67,4.8,0.0,5.05,113.0,0.03,10.0,84.0,132.0,43.0,0.37,0.025,0.004,3.7,0.0,0.046,0.169,0.089,0.373,0.036,5.0,0.0,5.0,5.0,14.3,0.45,162.0,46.0,45.0,0.0,7.0,0.0,0.0,0.0,0.07,1.3,51.0,0.3,1.865,0.812,0.195,10.0
615,615,"ALCOHOLIC BEVERAGES,WINE,ROSE",86.4,83,0.36,0.0,0.16,3.8,0.0,3.8,10.0,0.2,10.0,18.0,59.0,5.0,0.11,0.005,0.131,0.2,0.0,0.02,0.015,0.09,0.148,0.037,1.0,0.0,1.0,1.0,0.0,0.01,0.0,0.0,0.0,0.0,0.0,0.0,0.0,0.0,0.0,0.0,0.0,0.0,0.0,0.0,0.0,0.0
464,464,"SALSIFY,CKD,BLD,DRND,WO/SALT",81.0,68,2.73,0.17,0.74,15.36,3.1,2.9,47.0,0.55,18.0,56.0,283.0,16.0,0.3,0.07,0.21,0.6,4.6,0.056,0.173,0.392,0.276,0.218,15.0,0.0,15.0,15.0,25.9,0.0,0.0,0.0,0.0,0.0,0.0,0.0,0.0,0.0,0.19,0.0,0.0,0.3,0.041,0.003,0.074,0.0
104,104,"INF FORM,ABBOT NUT,SIMIL NEOSU,RTF,W/ ARA & DHA",87.0,69,1.92,3.77,0.38,6.94,0.0,6.9,72.0,1.23,6.0,42.0,97.0,23.0,0.82,0.082,0.006,1.6,10.3,0.151,0.102,1.336,0.548,0.068,17.0,17.0,0.0,29.0,11.0,0.27,315.0,94.0,94.0,0.0,0.0,0.0,0.0,0.0,1.11,1.2,48.0,7.5,2.447,0.387,0.844,2.0
712,712,"BREAD,OATMEAL,TOASTED",31.2,292,9.2,4.8,2.1,52.7,4.3,8.84,72.0,2.94,41.0,137.0,154.0,486.0,1.11,0.227,1.022,26.7,0.3,0.347,0.235,3.068,0.241,0.067,53.0,32.0,21.0,75.0,15.9,0.02,15.0,5.0,5.0,0.0,0.0,0.0,0.0,75.0,0.53,0.0,0.0,1.7,0.764,1.715,1.85,0.0
793,793,"FAST FOODS,CHSBURGR; DBL,RG PTTY; DBL BN W/ CNDMNT & SPL SAU",50.54,261,11.94,14.1,1.89,21.53,1.4,3.26,127.0,1.4,25.0,136.0,182.0,485.0,2.16,0.131,0.212,25.9,0.3,0.184,0.201,3.63,0.441,0.17,27.0,18.0,9.0,40.0,31.5,1.27,174.0,27.0,22.0,1.0,59.0,2.0,0.0,50.0,0.06,0.1,5.0,16.4,5.045,5.088,3.826,36.0
733,733,"CREAM PUFF,ECLAIR,CUSTARD OR CRM FILLED,ICED",38.64,334,4.41,18.52,1.0,37.43,0.9,22.05,35.0,0.95,10.0,71.0,68.0,265.0,0.45,0.06,0.224,15.5,0.0,0.263,0.241,1.908,0.471,0.041,66.0,49.0,16.0,100.0,44.2,0.17,88.0,23.0,22.0,0.0,1.0,1.0,0.0,86.0,0.95,0.3,11.0,6.7,7.055,6.07,4.173,66.0
637,637,"ALCOHOLIC BEV,DISTILLED,ALL (GIN,RUM,VODKA,WHISKEY) 90 PROOF",62.1,263,0.0,0.0,0.01,0.0,0.0,0.0,0.0,0.04,0.0,4.0,2.0,1.0,0.04,0.021,0.018,0.0,0.0,0.006,0.004,0.013,0.0,0.001,0.0,0.0,0.0,0.0,0.0,0.0,0.0,0.0,0.0,0.0,0.0,0.0,0.0,0.0,0.0,0.0,0.0,0.0,0.0,0.0,0.0,0.0
25,25,"MILK SHAKES,THICK VANILLA",74.45,112,3.86,3.03,0.91,17.75,0.0,17.75,146.0,0.1,12.0,115.0,183.0,95.0,0.39,0.051,0.014,2.3,0.0,0.03,0.195,0.146,0.368,0.042,7.0,0.0,7.0,7.0,14.3,0.52,91.0,25.0,25.0,0.0,5.0,0.0,0.0,0.0,0.05,1.2,48.0,0.2,1.886,0.875,0.113,12.0
403,403,"LIMA BNS,IMMAT SEEDS,FRZ,FORDHOOK,UNPREP",72.05,106,6.4,0.35,1.37,19.83,5.5,1.39,24.0,1.51,38.0,74.0,478.0,58.0,0.49,0.062,0.345,1.7,19.3,0.092,0.067,1.187,0.191,0.136,32.0,0.0,32.0,32.0,37.6,0.0,223.0,11.0,0.0,0.0,134.0,0.0,0.0,0.0,0.72,0.0,0.0,5.3,0.081,0.021,0.172,0.0
679,679,"LAMB,DOM,LEG,WHL (SHK&SIRL),LN&FAT,1/4""FAT,CHOIC,CKD,RSTD",57.48,258,25.55,16.48,1.02,0.0,0.0,0.0,11.0,1.98,24.0,191.0,313.0,66.0,4.4,0.115,0.024,27.2,0.0,0.1,0.27,6.59,0.68,0.15,20.0,0.0,20.0,20.0,96.3,2.59,0.0,0.0,0.0,0.0,0.0,0.0,0.0,0.0,0.15,0.1,2.0,4.2,6.89,6.96,1.18,93.0
650,650,"HADDOCK,COOKED,DRY HEAT",79.65,90,19.99,0.55,1.56,0.0,0.0,0.0,14.0,0.21,26.0,278.0,351.0,261.0,0.4,0.026,0.013,31.7,0.0,0.023,0.069,4.119,0.494,0.327,13.0,0.0,13.0,13.0,79.6,2.13,62.0,21.0,21.0,0.0,0.0,0.0,0.0,0.0,0.55,0.6,23.0,0.1,0.111,0.074,0.204,66.0
530,530,"TOMATILLOS,RAW",91.63,32,0.96,1.02,0.55,5.84,1.9,3.93,7.0,0.62,20.0,39.0,268.0,1.0,0.22,0.079,0.153,0.5,11.7,0.044,0.035,1.85,0.15,0.056,7.0,0.0,7.0,7.0,7.6,0.0,114.0,6.0,0.0,10.0,63.0,0.0,0.0,467.0,0.38,0.0,0.0,10.1,0.139,0.155,0.417,0.0
655,655,"SCUP,RAW",75.37,105,18.88,2.73,1.21,0.0,0.0,0.0,40.0,0.53,23.0,185.0,287.0,42.0,0.48,0.051,0.035,36.5,0.0,0.11,0.1,4.1,0.75,0.3,15.0,0.0,15.0,15.0,65.0,1.4,90.0,27.0,27.0,0.0,0.0,0.0,0.0,0.0,0.5,1.2,47.0,0.1,0.64,0.56,1.03,52.0
268,268,"APPLES,CND,SWTND,SLICED,DRND,UNHTD",82.36,67,0.18,0.49,0.27,16.7,1.7,15.0,4.0,0.23,2.0,5.0,68.0,3.0,0.03,0.053,0.153,0.3,0.4,0.009,0.01,0.073,0.031,0.044,0.0,0.0,0.0,0.0,3.2,0.0,51.0,3.0,0.0,0.0,22.0,17.0,0.0,18.0,0.21,0.0,0.0,0.6,0.08,0.02,0.144,0.0
763,763,"COUSCOUS,COOKED",72.57,112,3.79,0.16,0.26,23.22,1.4,0.1,8.0,0.38,8.0,22.0,58.0,5.0,0.26,0.041,0.084,27.5,0.0,0.063,0.027,0.983,0.371,0.051,15.0,0.0,15.0,15.0,3.3,0.0,0.0,0.0,0.0,0.0,0.0,0.0,0.0,25.0,0.13,0.0,0.0,0.1,0.029,0.022,0.064,0.0
557,557,"BEEF,COMP OF RTL CUTS,LN&FAT,1/8""FAT,ALL GRDS,RAW",64.81,214,20.01,14.42,0.96,0.0,0.0,0.0,17.0,1.69,19.0,174.0,283.0,52.0,3.99,0.073,0.025,23.0,0.0,0.076,0.164,5.449,0.463,0.529,8.0,0.0,8.0,8.0,68.3,1.5,7.0,2.0,2.0,0.0,0.0,0.0,0.0,0.0,0.28,0.1,2.0,1.5,6.036,6.497,0.617,72.0
506,506,"ONIONS,FRZ,WHL,CKD,BLD,DRND,W/SALT",92.24,26,0.71,0.05,0.89,6.11,1.4,2.9,27.0,0.34,8.0,2.0,101.0,244.0,0.09,0.024,0.04,0.4,5.1,0.016,0.018,0.132,0.078,0.07,13.0,0.0,13.0,13.0,4.4,0.0,2.0,0.0,0.0,0.0,1.0,0.0,0.0,3.0,0.01,0.0,0.0,0.3,0.009,0.007,0.02,0.0
920,920,"SOUP,BF BARLEY,READY TO SERVE",87.35,52,2.81,0.96,0.94,7.94,0.9,1.22,11.0,0.45,9.0,50.0,121.0,297.0,0.5,0.058,0.088,2.2,0.5,0.027,0.085,0.933,0.177,0.078,11.0,0.0,11.0,11.0,9.0,0.15,279.0,14.0,0.0,58.0,139.0,0.0,357.0,56.0,0.12,0.0,0.0,0.4,0.329,0.349,0.232,4.0
807,807,"MACARONI & CHS,FRZ ENTREE",69.39,149,5.6,6.41,1.31,17.28,1.1,1.53,114.0,0.57,17.0,119.0,95.0,290.0,0.8,0.051,0.216,18.5,0.0,0.054,0.057,0.739,0.388,0.042,7.0,0.0,7.0,7.0,8.3,0.12,182.0,47.0,45.0,0.0,20.0,0.0,0.0,4.0,0.25,0.0,0.0,5.1,2.608,1.433,1.363,10.0
399,399,"BAMBOO SHOOTS,RAW",91.0,27,2.6,0.3,0.9,5.2,2.2,3.0,13.0,0.5,3.0,59.0,533.0,4.0,1.1,0.19,0.262,0.8,4.0,0.15,0.07,0.6,0.161,0.24,7.0,0.0,7.0,7.0,0.0,0.0,20.0,1.0,0.0,0.0,12.0,0.0,0.0,0.0,1.0,0.0,0.0,0.0,0.069,0.007,0.134,0.0
114,114,"INF FORMULA, MEAD JOHNSON, ENFAMIL, ENFAGROW, SOY, TODD RTF",86.67,65,2.17,2.89,0.63,7.64,0.0,7.64,128.0,1.31,7.0,85.0,79.0,24.0,0.79,0.049,0.033,1.8,7.9,0.053,0.059,0.657,0.328,0.039,11.0,11.0,0.0,18.0,15.8,0.2,199.0,60.0,60.0,0.0,0.0,0.0,0.0,0.0,0.59,1.0,39.0,5.3,0.855,0.727,0.38,0.0
155,155,"CHICKEN,BROILERS OR FRYERS,THIGH,MEAT&SKN,CKD,STWD",63.11,232,23.26,14.74,0.78,0.0,0.0,0.0,11.0,1.37,19.0,139.0,170.0,71.0,2.25,0.07,0.019,17.9,0.0,0.057,0.191,4.894,0.776,0.17,6.0,0.0,6.0,6.0,54.1,0.19,151.0,45.0,45.0,0.0,0.0,0.0,0.0,0.0,0.27,0.1,5.0,3.9,4.11,5.84,3.25,84.0
841,841,"BEEF,RND,EYE OF RND STEAK,BNLESS,LN & FT,0"" FAT,ALL GRDS,RAW",73.07,124,23.26,3.48,1.09,0.0,0.0,0.0,13.0,1.45,12.0,220.0,317.0,53.0,3.39,0.042,0.001,22.4,0.0,0.063,0.183,6.685,0.354,0.641,4.0,0.0,4.0,4.0,64.0,1.83,11.0,3.0,3.0,0.0,0.0,0.0,0.0,0.0,0.24,0.0,1.0,1.5,1.285,1.49,0.251,60.0
528,528,"BEANS,SNAP,YEL,CND,REG PK,DRND SOL",93.3,20,1.15,0.1,0.95,4.5,1.3,0.78,26.0,0.9,13.0,19.0,109.0,251.0,0.29,0.038,0.2,0.4,4.8,0.015,0.056,0.201,0.129,0.037,32.0,0.0,32.0,32.0,10.5,0.0,105.0,5.0,0.0,0.0,63.0,0.0,0.0,458.0,0.29,0.0,0.0,39.3,0.022,0.004,0.051,0.0
338,338,"PORK,FRSH,LEG (HAM),RUMP HALF,LN,RAW",74.78,120,21.81,2.93,1.12,0.0,0.0,0.0,12.0,0.67,22.0,235.0,359.0,76.0,1.85,0.08,0.01,21.2,0.0,0.545,0.34,6.042,0.658,0.557,0.0,0.0,0.0,0.0,75.0,0.36,7.0,2.0,2.0,0.0,0.0,0.0,0.0,0.0,0.16,0.3,11.0,0.0,0.947,1.148,0.615,62.0
941,941,"FROZEN NOVELTIES,ICE CRM TYPE,SUNDAE,PREPACKAGED",59.3,185,4.3,6.0,0.76,29.4,0.3,20.74,120.0,0.25,19.0,131.0,211.0,95.0,0.54,0.06,0.011,2.0,1.8,0.04,0.19,0.64,0.348,0.05,5.0,0.0,5.0,5.0,12.3,0.39,458.0,131.0,130.0,0.0,16.0,0.0,0.0,0.0,0.12,0.1,4.0,0.3,3.09,1.872,0.663,13.0
738,738,"GELATIN DSSRT,DRY MIX,PREP W/ H2O",84.39,62,1.22,0.0,0.2,14.19,0.0,13.49,3.0,0.02,1.0,22.0,1.0,75.0,0.01,0.024,0.002,1.1,0.0,0.0,0.006,0.001,0.002,0.0,1.0,0.0,1.0,1.0,0.5,0.0,0.0,0.0,0.0,0.0,0.0,0.0,0.0,0.0,0.0,0.0,0.0,0.0,0.0,0.0,0.0,0.0
420,420,"EGGPLANT,RAW",92.3,25,0.98,0.18,0.66,5.88,3.0,3.53,9.0,0.23,14.0,24.0,229.0,2.0,0.16,0.081,0.232,0.3,2.2,0.039,0.037,0.649,0.281,0.084,22.0,0.0,22.0,22.0,6.9,0.0,23.0,1.0,0.0,0.0,14.0,0.0,0.0,36.0,0.3,0.0,0.0,3.5,0.034,0.016,0.076,0.0
179,179,"CHICKEN PATTY,FRZ,CKD",50.82,287,14.85,19.58,1.92,12.84,0.3,0.0,19.0,0.95,24.0,208.0,261.0,532.0,1.05,0.09,0.26,23.3,0.0,0.083,0.072,4.764,1.09,0.183,7.0,0.0,7.0,7.0,33.8,0.29,0.0,0.0,0.0,0.0,0.0,0.0,0.0,0.0,1.28,0.3,11.0,4.2,3.662,8.337,4.805,43.0
677,677,"CHICKPEAS,MATURE SEEDS,CND,SOL & LIQUIDS,LO NA",78.55,88,4.92,1.95,1.09,13.49,4.4,2.59,35.0,1.23,27.0,80.0,144.0,132.0,0.69,0.153,0.818,2.0,0.1,0.032,0.015,0.13,0.299,0.473,25.0,0.0,25.0,25.0,23.1,0.0,15.0,1.0,0.0,0.0,9.0,0.0,0.0,0.0,0.19,0.0,0.0,2.2,0.204,0.444,0.881,0.0
618,618,"BEVERAGES,LEMONADE-FLAVOR DRK,PDR,PREP W/ H2O",92.87,27,0.0,0.07,0.13,6.9,0.0,6.87,4.0,0.01,13.0,7.0,3.0,13.0,0.01,0.011,0.001,0.0,2.9,0.0,0.001,0.0,0.0,0.0,0.0,0.0,0.0,0.0,0.0,0.0,0.0,0.0,0.0,0.0,0.0,0.0,0.0,0.0,0.0,0.0,0.0,0.0,0.0,0.0,0.0,0.0
112,112,"BABYFOOD,YOGU,WHL MILK,W/ FRUI,MULTIGRA CRL & ADD IRON FORT",80.21,92,3.05,3.08,0.65,13.0,0.6,11.46,98.0,4.18,15.0,86.0,143.0,38.0,0.54,0.031,0.064,2.4,3.6,0.048,0.12,0.119,0.333,0.036,7.0,0.0,7.0,7.0,13.4,0.29,82.0,22.0,21.0,0.0,7.0,1.0,0.0,13.0,0.09,0.0,2.0,0.9,1.582,0.74,0.405,10.0
92,92,"BABYFOOD,CRL,OATMEAL,W/BANANAS,PREP W/WHL MILK",81.81,86,3.82,3.46,0.92,10.0,0.4,5.9,153.0,3.63,18.0,111.0,178.0,48.0,0.49,0.053,0.004,4.9,0.4,0.315,0.437,1.605,0.345,0.104,6.0,0.0,6.0,6.0,15.4,0.43,155.0,43.0,42.0,2.0,8.0,0.0,0.0,12.0,0.44,1.2,47.0,0.5,1.82,0.859,0.345,10.0
515,515,"SQUASH,SMMR,SCALLOP,CKD,BLD,DRND,W/SALT",95.0,16,1.03,0.17,0.5,3.3,1.9,1.5,15.0,0.33,19.0,28.0,140.0,237.0,0.24,0.083,0.128,0.2,10.8,0.051,0.025,0.464,0.079,0.085,21.0,0.0,21.0,21.0,6.2,0.0,85.0,4.0,0.0,0.0,51.0,0.0,0.0,250.0,0.12,0.0,0.0,3.5,0.035,0.013,0.072,0.0
785,785,"FAST FOODS,HAMBURGER; SINGLE,REG PATTY; PLN",38.45,297,16.52,12.01,1.52,31.5,1.7,4.88,62.0,3.06,27.0,134.0,197.0,331.0,2.52,0.121,0.357,20.3,0.0,0.317,0.363,5.617,0.53,0.212,80.0,29.0,51.0,100.0,34.4,0.89,51.0,9.0,8.0,0.0,15.0,1.0,5.0,38.0,0.38,0.1,2.0,4.9,4.493,4.835,1.68,33.0
7,7,"CREAM,SOUR,RED FAT,CULTURED",80.14,135,2.94,12.0,0.66,4.26,0.0,0.16,104.0,0.07,10.0,95.0,129.0,89.0,0.5,0.016,0.003,2.1,0.9,0.035,0.149,0.067,0.363,0.016,11.0,0.0,11.0,11.0,19.2,0.3,372.0,102.0,100.0,0.0,23.0,0.0,0.0,0.0,0.34,0.2,9.0,0.6,7.47,3.466,0.446,39.0
491,491,"LIMA BNS,IMMAT SEEDS,CND,NO SALT,SOL&LIQUIDS",81.17,71,4.07,0.29,1.14,13.33,3.6,0.93,28.0,1.61,34.0,71.0,285.0,4.0,0.64,0.162,0.7,1.1,8.7,0.029,0.043,0.532,0.095,0.062,16.0,0.0,16.0,16.0,25.3,0.0,150.0,8.0,0.0,0.0,90.0,0.0,0.0,0.0,0.29,0.0,0.0,3.6,0.066,0.016,0.139,0.0
460,460,"RADISHES,RAW",95.27,16,0.68,0.1,0.55,3.4,1.6,1.86,25.0,0.34,10.0,20.0,233.0,39.0,0.28,0.05,0.069,0.6,14.8,0.012,0.039,0.254,0.165,0.071,25.0,0.0,25.0,25.0,6.5,0.0,7.0,0.0,0.0,0.0,4.0,0.0,0.0,10.0,0.0,0.0,0.0,1.3,0.032,0.017,0.048,0.0
884,884,"BEEF,COMP OF RTL CUTS,LN,1/8"" FAT,CHOIC,RAW",71.22,147,22.01,6.05,1.04,0.0,0.0,0.0,18.0,1.91,21.0,193.0,308.0,55.0,4.59,0.078,0.028,26.2,0.0,0.088,0.195,6.31,0.511,0.582,9.0,0.0,9.0,9.0,74.0,1.75,2.0,1.0,1.0,0.0,0.0,0.0,0.0,0.0,0.26,0.1,2.0,1.3,2.222,2.566,0.307,62.0
14,14,"MILK,NONFAT,FLUID,W/ ADDED VIT A & VIT D (FAT FREE OR SKIM)",90.84,34,3.37,0.08,0.75,4.96,0.0,5.09,122.0,0.03,11.0,101.0,156.0,42.0,0.42,0.013,0.003,3.1,0.0,0.045,0.182,0.094,0.357,0.037,5.0,0.0,5.0,5.0,15.6,0.5,204.0,61.0,61.0,0.0,0.0,0.0,0.0,0.0,0.01,1.2,47.0,0.0,0.056,0.022,0.003,2.0
944,944,"FROZEN NOVELTIES,JUC TYPE,JUC W/ CRM",72.57,115,1.41,1.41,0.5,24.11,0.1,20.61,141.0,0.28,9.0,41.0,120.0,42.0,0.27,0.013,0.059,0.8,21.2,0.025,0.101,0.151,0.195,0.029,11.0,0.0,11.0,11.0,15.6,0.14,145.0,19.0,14.0,0.0,59.0,0.0,0.0,27.0,0.06,0.0,0.0,0.2,0.705,0.0,0.0,7.0
731,731,"ROLLS,HAMBURGER OR HOTDOG,PLN",34.34,279,9.77,3.91,1.85,50.12,1.8,7.28,144.0,3.43,23.0,101.0,122.0,494.0,0.73,0.109,0.512,27.2,1.3,0.543,0.297,4.18,0.555,0.063,94.0,53.0,41.0,131.0,14.6,0.2,107.0,29.0,29.0,0.0,7.0,0.0,0.0,6.0,0.27,0.0,0.0,4.8,0.842,0.748,1.78,0.0
809,809,"BEEF,SHRT LOIN,PRTRHS STEAK,LN&FAT,1/8""FAT,SEL,RAW",65.49,208,20.69,13.27,0.95,0.0,0.0,0.0,19.0,2.13,10.0,179.0,235.0,42.0,3.09,0.065,0.002,19.2,0.0,0.053,0.202,4.865,0.355,0.672,3.0,0.0,3.0,3.0,55.4,1.83,15.0,4.0,4.0,0.0,0.0,0.0,0.0,0.0,0.2,0.1,4.0,1.5,5.696,6.119,0.613,60.0
94,94,"INFANT FORMULA,MEAD JOHNSON,ENFAMIL,LO IRON,RTF",88.0,63,1.38,3.5,0.32,7.18,0.0,7.18,51.0,0.46,5.0,35.0,71.0,18.0,0.66,0.05,0.01,1.8,7.9,0.052,0.092,0.66,0.294,0.04,11.0,11.0,0.0,18.0,8.0,0.19,193.0,58.0,58.0,0.0,0.0,0.0,0.0,0.0,0.87,1.0,40.0,5.2,1.479,1.291,0.689,1.0
379,379,"PORK,FRSH,LOIN,COUNTRY-STYLE RIBS,LN,RAW",72.84,140,20.76,5.64,1.01,0.0,0.0,0.0,21.0,0.9,23.0,204.0,338.0,67.0,3.0,0.083,0.012,34.8,0.0,0.394,0.271,3.097,1.737,0.577,0.0,0.0,0.0,0.0,87.3,1.01,0.0,0.0,0.0,0.0,0.0,0.0,0.0,0.0,0.25,0.5,22.0,0.0,2.012,2.477,0.645,74.0
123,123,"INF FORMULA, ABBO NUTR, SIMIL, FOR SPIT UP, RTF,W/ ARA & DHA",87.87,66,1.4,3.54,0.18,7.19,0.0,7.19,55.0,1.18,4.0,37.0,70.0,20.0,0.49,0.059,0.003,1.2,5.9,0.066,0.098,0.689,0.295,0.039,10.0,10.0,0.0,17.0,10.6,0.16,199.0,60.0,60.0,0.0,0.0,0.0,0.0,0.0,0.89,1.0,39.0,5.2,2.3,0.364,0.793,0.0
820,820,"BEEF,RIB EYE STK,BNE-IN,LIP-ON,LN,1/8"" FAT,ALL GRDS,CKD,GRLD",59.69,221,27.4,12.43,1.09,0.0,0.0,0.0,22.0,2.62,25.0,184.0,279.0,67.0,6.0,0.081,0.081,28.2,0.0,0.105,0.334,5.683,0.625,0.547,7.0,0.0,7.0,7.0,57.1,2.22,6.0,2.0,2.0,0.0,0.0,0.0,0.0,0.0,0.08,0.1,4.0,1.6,4.794,5.628,0.594,80.0
475,475,"TOMATOES,GREEN,RAW",93.0,23,1.2,0.2,0.5,5.1,1.1,4.0,13.0,0.51,10.0,28.0,204.0,13.0,0.07,0.09,0.1,0.4,23.4,0.06,0.04,0.5,0.5,0.081,9.0,0.0,9.0,9.0,8.6,0.0,642.0,32.0,0.0,78.0,346.0,0.0,0.0,0.0,0.38,0.0,0.0,10.1,0.028,0.03,0.081,0.0
735,735,"ICE CREAMS,VANILLA",61.0,207,3.5,11.0,0.9,23.6,0.7,21.22,128.0,0.09,14.0,105.0,199.0,80.0,0.69,0.023,0.008,1.8,0.6,0.041,0.24,0.116,0.581,0.048,5.0,0.0,5.0,5.0,26.0,0.39,421.0,118.0,116.0,0.0,19.0,0.0,0.0,0.0,0.3,0.2,8.0,0.3,6.79,2.969,0.452,44.0
930,930,"RESTAURANT,FAMILY STYLE,MACARONI & CHS,FROM KIDS' MENU",68.24,151,5.42,6.06,1.48,18.8,1.1,3.09,99.0,0.68,19.0,137.0,135.0,361.0,0.64,0.064,0.194,19.4,0.0,0.095,0.254,0.783,0.474,0.057,34.0,12.0,22.0,42.0,3.9,0.18,118.0,31.0,30.0,1.0,9.0,0.0,0.0,77.0,0.75,0.1,3.0,0.5,2.147,1.954,1.663,10.0
302,302,"GRAPES,CND,THOMPSON SEEDLESS,H2O PK,SOL&LIQUIDS",88.84,40,0.5,0.11,0.25,10.3,0.6,9.7,10.0,0.98,6.0,18.0,107.0,6.0,0.05,0.056,0.039,0.1,1.0,0.031,0.023,0.13,0.041,0.065,3.0,0.0,3.0,3.0,3.8,0.0,45.0,2.0,0.0,1.0,26.0,0.0,0.0,48.0,0.13,0.0,0.0,9.8,0.035,0.004,0.031,0.0
70,70,"BABYFOOD,MEAT,TURKEY,JR",80.32,111,11.5,6.2,0.58,1.4,0.0,0.0,41.0,0.7,12.0,117.0,135.0,49.0,1.77,0.148,0.037,12.0,0.0,0.008,0.163,2.61,0.41,0.029,8.0,0.0,8.0,8.0,39.8,1.11,0.0,0.0,0.0,0.0,0.0,0.0,0.0,0.0,0.08,0.8,34.0,0.0,1.641,2.384,1.741,58.0
753,753,"ICE CREAMS,CHOC,LT,NO SUGAR ADDED",62.99,173,3.54,5.74,0.94,26.79,0.9,5.65,121.0,0.48,15.0,106.0,196.0,75.0,0.4,0.018,0.009,2.9,0.7,0.044,0.18,0.111,0.414,0.042,5.0,0.0,5.0,5.0,11.7,0.38,264.0,75.0,74.0,0.0,10.0,0.0,0.0,0.0,0.3,0.1,4.0,3.6,3.61,0.93,0.527,16.0
30,30,"YOGURT,FRUIT,LOFAT,9 GRAMS PROT PER 8 OZ",75.3,99,3.98,1.15,0.93,18.64,0.0,18.64,138.0,0.06,13.0,109.0,177.0,53.0,0.67,0.079,0.064,2.8,0.6,0.034,0.162,0.086,0.446,0.037,9.0,0.0,9.0,9.0,15.2,0.43,40.0,11.0,11.0,0.0,2.0,0.0,0.0,0.0,0.02,0.0,1.0,0.1,0.742,0.316,0.033,5.0
86,86,"BABYFOOD,JUC,APPL,W/CA",88.3,46,0.06,0.1,0.48,11.1,0.4,9.0,127.0,0.2,6.0,8.0,92.0,3.0,0.03,0.01,0.29,0.1,21.2,0.02,0.02,0.08,0.06,0.03,0.0,0.0,0.0,0.0,1.8,0.0,0.0,0.0,0.0,0.0,0.0,0.0,0.0,0.0,0.0,0.0,0.0,0.0,0.018,0.005,0.032,0.0
784,784,"FAST FOODS,CHICK FILLET SNDWCH,PLN W/ PICKLES",48.94,250,16.28,11.19,2.7,20.89,1.4,3.64,58.0,1.77,24.0,185.0,245.0,753.0,0.61,0.067,0.219,19.9,0.8,0.23,0.3,7.72,1.2,0.383,47.0,12.0,35.0,56.0,35.3,0.13,32.0,3.0,2.0,2.0,12.0,6.0,0.0,78.0,2.41,0.1,5.0,8.5,2.123,4.481,3.177,35.0
408,408,"BEANS,SHELLIE,CND,SOL & LIQUIDS",90.69,30,1.76,0.19,1.17,6.19,3.4,0.63,29.0,0.99,15.0,30.0,109.0,334.0,0.27,0.08,0.382,2.1,3.1,0.032,0.054,0.205,0.133,0.049,18.0,0.0,18.0,18.0,13.2,0.0,228.0,11.0,0.0,0.0,137.0,0.0,0.0,331.0,0.03,0.0,0.0,8.0,0.023,0.014,0.11,0.0
580,580,"ALCOHOLIC BEV,DISTILLED,GIN,90 PROOF",62.1,263,0.0,0.0,0.0,0.0,0.0,0.0,0.0,0.0,0.0,0.0,0.0,2.0,0.0,0.004,0.0,0.0,0.0,0.0,0.0,0.0,0.0,0.0,0.0,0.0,0.0,0.0,0.0,0.0,0.0,0.0,0.0,0.0,0.0,0.0,0.0,0.0,0.0,0.0,0.0,0.0,0.0,0.0,0.0,0.0
482,482,"YAM,RAW",69.6,118,1.53,0.17,0.82,27.88,4.1,0.5,17.0,0.54,21.0,55.0,816.0,9.0,0.24,0.178,0.397,0.7,17.1,0.112,0.032,0.552,0.314,0.293,23.0,0.0,23.0,23.0,16.5,0.0,138.0,7.0,0.0,0.0,83.0,0.0,0.0,0.0,0.35,0.0,0.0,2.3,0.037,0.006,0.076,0.0
856,856,"BEEF,RND,EYE OF RND RST,BNLESS,LN,0"" FAT,ALL GRDS,RAW",73.43,121,23.37,3.04,1.1,0.0,0.0,0.0,13.0,1.45,12.0,222.0,319.0,53.0,3.42,0.042,0.001,22.6,0.0,0.063,0.184,6.72,0.355,0.644,4.0,0.0,4.0,4.0,64.2,1.84,4.0,1.0,1.0,0.0,0.0,0.0,0.0,0.0,0.24,0.0,1.0,1.5,1.086,1.266,0.233,60.0
635,635,"BEVERAGES,TEA,HERB,BREWED,CHAMOMILE",99.7,1,0.0,0.0,0.01,0.2,0.0,0.0,2.0,0.08,1.0,0.0,9.0,1.0,0.04,0.015,0.044,0.0,0.0,0.01,0.004,0.0,0.011,0.0,1.0,0.0,1.0,1.0,0.0,0.0,20.0,1.0,0.0,0.0,12.0,0.0,0.0,0.0,0.0,0.0,0.0,0.0,0.002,0.001,0.005,0.0
375,375,"PORK,FRSH,LOIN,CNTR RIB (CHOPS),BONE-IN,LN&FAT,CKD,PAN-FRIED",57.11,256,26.81,15.71,1.22,0.0,0.0,0.0,48.0,0.83,20.0,222.0,313.0,84.0,2.83,0.106,0.011,36.1,0.0,0.521,0.358,8.931,1.252,0.51,0.0,0.0,0.0,0.0,89.3,0.78,18.0,6.0,6.0,0.0,0.0,0.0,0.0,0.0,0.23,0.7,26.0,0.0,5.056,5.68,2.218,78.0
448,448,"POTATOES,BLD,CKD IN SKN,FLESH,WO/SALT",76.98,87,1.87,0.1,0.92,20.13,1.8,0.91,5.0,0.31,22.0,44.0,379.0,4.0,0.3,0.188,0.138,0.3,13.0,0.106,0.02,1.439,0.52,0.299,10.0,0.0,10.0,10.0,13.5,0.0,3.0,0.0,0.0,0.0,2.0,0.0,0.0,10.0,0.01,0.0,0.0,2.2,0.026,0.002,0.043,0.0
301,301,"GRAPES,RED OR GRN (EURO TYPE,SUCH AS THOMPSON SEEDLESS),RAW",80.54,69,0.72,0.16,0.48,18.1,0.9,15.48,10.0,0.36,7.0,20.0,191.0,2.0,0.07,0.127,0.071,0.1,3.2,0.069,0.07,0.188,0.05,0.086,2.0,0.0,2.0,2.0,5.6,0.0,66.0,3.0,0.0,1.0,39.0,0.0,0.0,72.0,0.19,0.0,0.0,14.6,0.054,0.007,0.048,0.0
125,125,"BABYFOO,BAN WI MIX BERR,ST",76.68,92,1.01,0.36,0.65,21.31,1.0,15.0,0.0,0.0,23.0,20.0,283.0,0.0,0.23,0.094,0.351,0.8,18.2,0.028,0.058,0.623,0.295,0.257,20.0,0.0,20.0,20.0,8.9,0.0,51.0,3.0,0.0,20.0,20.0,0.0,0.0,47.0,0.37,0.0,0.0,6.3,0.081,0.036,0.123,0.0
361,361,"PORK,FRSH,LOIN,TOP LOIN (ROASTS),BNLESS,LN&FAT,CKD,RSTD",63.76,192,26.45,8.82,0.98,0.0,0.0,0.0,7.0,0.64,25.0,223.0,349.0,46.0,2.11,0.077,0.007,34.9,0.0,0.547,0.232,7.104,0.674,0.692,0.0,0.0,0.0,0.0,75.5,0.58,4.0,1.0,1.0,0.0,0.0,0.0,0.0,0.0,0.11,0.5,20.0,0.0,2.839,3.517,0.999,80.0
839,839,"BEEF,RND,EYE OF RND RST,BNLESS,LN & FAT,0"" FAT,CHOIC,RAW",72.88,127,23.26,3.74,1.1,0.0,0.0,0.0,13.0,1.47,12.0,220.0,323.0,52.0,3.41,0.049,0.001,22.7,0.0,0.063,0.183,6.779,0.346,0.645,4.0,0.0,4.0,4.0,64.5,1.68,11.0,3.0,3.0,0.0,0.0,0.0,0.0,0.0,0.25,0.0,1.0,1.5,1.308,1.547,0.263,58.0
541,541,"BEEF,COMP OF RTL CUTS,LN&FAT,0""FAT,SEL,CKD",61.79,203,28.61,9.18,1.16,0.0,0.0,0.0,15.0,2.69,19.0,231.0,333.0,62.0,6.0,0.085,0.008,28.7,0.0,0.08,0.268,5.794,0.552,0.566,7.0,0.0,7.0,7.0,86.9,2.63,13.0,4.0,4.0,0.0,0.0,0.0,0.0,0.0,0.2,0.1,2.0,1.4,3.69,4.142,0.548,85.0
264,264,"APPLES,RAW,WITH SKIN",85.56,52,0.26,0.17,0.19,13.81,2.4,10.39,6.0,0.12,5.0,11.0,107.0,1.0,0.04,0.027,0.035,0.0,4.6,0.017,0.026,0.091,0.061,0.041,3.0,0.0,3.0,3.0,3.4,0.0,54.0,3.0,0.0,0.0,27.0,11.0,0.0,29.0,0.18,0.0,0.0,2.2,0.028,0.007,0.051,0.0
429,429,"MUSHROOMS,BROWN,ITALIAN,OR CRIMINI,RAW",92.12,22,2.5,0.1,0.98,4.3,0.6,1.72,18.0,0.4,9.0,120.0,448.0,6.0,1.1,0.5,0.142,26.0,0.0,0.095,0.49,3.8,1.5,0.11,25.0,0.0,25.0,25.0,22.1,0.1,0.0,0.0,0.0,0.0,0.0,0.0,0.0,0.0,0.01,0.1,3.0,0.0,0.014,0.002,0.042,0.0
170,170,"TURKEY,ALL CLASSES,LEG,MEAT&SKN,CKD,RSTD",61.19,208,27.87,9.82,0.99,0.0,0.0,0.0,32.0,2.3,23.0,199.0,280.0,77.0,4.27,0.154,0.023,37.8,0.0,0.06,0.241,3.561,1.205,0.33,9.0,0.0,9.0,9.0,70.8,0.36,0.0,0.0,0.0,0.0,0.0,0.0,0.0,0.0,0.62,0.1,4.0,0.0,3.06,2.87,2.72,85.0
164,164,"TURKEY,WHL,MEAT ONLY,RAW",75.37,112,22.64,1.93,1.04,0.14,0.0,0.07,11.0,0.86,27.0,190.0,235.0,118.0,1.84,0.079,0.012,22.6,0.0,0.05,0.192,8.1,0.844,0.652,7.0,0.0,7.0,7.0,60.2,1.24,30.0,9.0,9.0,0.0,0.0,0.0,0.0,0.0,0.09,0.2,8.0,0.0,0.459,0.477,0.411,67.0
437,437,"ONIONS,FRZ,WHL,CKD,BLD,DRND,WO/SALT",92.24,28,0.71,0.05,0.3,6.7,1.4,2.9,27.0,0.34,8.0,2.0,101.0,8.0,0.09,0.024,0.04,0.4,5.1,0.016,0.018,0.132,0.078,0.07,13.0,0.0,13.0,13.0,4.4,0.0,2.0,0.0,0.0,0.0,1.0,0.0,0.0,3.0,0.01,0.0,0.0,0.3,0.009,0.007,0.02,0.0
614,614,"BEVERAGES,MALT LIQUOR BEV",94.5,40,0.35,0.0,0.07,0.0,0.0,0.0,3.0,0.03,5.0,13.0,33.0,3.0,0.08,0.005,0.005,0.0,0.0,0.03,0.04,0.4,0.148,0.037,4.0,0.0,4.0,4.0,0.0,0.0,0.0,0.0,0.0,0.0,0.0,0.0,0.0,0.0,0.0,0.0,0.0,0.0,0.0,0.0,0.0,0.0
849,849,"BEEF,RND,TOP RND RST,BNLESS,LN & FAT,0"" FAT,SEL,CKD,RSTD",65.14,157,30.97,3.72,1.27,0.0,0.0,0.0,17.0,2.88,15.0,269.0,387.0,67.0,4.34,0.058,0.003,27.8,0.0,0.078,0.306,7.555,0.455,0.768,5.0,0.0,5.0,5.0,78.7,2.0,14.0,4.0,4.0,0.0,0.0,0.0,0.0,0.0,0.26,0.0,1.0,1.9,1.421,1.558,0.285,78.0
440,440,"POTATOES,FLESH & SKN,RAW",79.25,77,2.05,0.09,1.11,17.49,2.1,0.82,12.0,0.81,23.0,57.0,425.0,6.0,0.3,0.11,0.153,0.4,19.7,0.081,0.032,1.061,0.295,0.298,15.0,0.0,15.0,15.0,12.1,0.0,2.0,0.0,0.0,0.0,1.0,0.0,0.0,9.0,0.01,0.0,0.0,2.0,0.025,0.002,0.042,0.0
219,219,"SOUP,CHICK MUSHROOM,CND,COND",80.4,100,1.61,4.84,1.2,11.95,3.2,0.79,23.0,0.7,7.0,22.0,56.0,669.0,0.8,0.04,0.1,2.9,0.0,0.02,0.09,1.3,0.2,0.04,2.0,0.0,2.0,2.0,11.0,0.05,33.0,9.0,8.0,0.0,3.0,0.0,0.0,1.0,0.64,0.0,0.0,1.1,1.246,2.125,1.226,8.0
915,915,"SOUP,EGG DROP,CHINESE RESTAURANT",92.87,27,1.16,0.61,1.07,4.29,0.4,0.09,7.0,0.26,2.0,15.0,22.0,370.0,0.09,0.019,0.011,0.4,6.5,0.019,0.019,0.156,0.12,0.02,7.0,0.0,7.0,7.0,33.0,0.03,89.0,20.0,18.0,1.0,16.0,1.0,0.0,48.0,0.13,0.2,6.0,1.2,0.166,0.191,0.129,23.0
212,212,"SOUP,ONION,CND,COND",86.35,46,3.06,1.42,2.49,6.68,0.7,2.72,22.0,0.55,2.0,9.0,56.0,516.0,0.5,0.1,0.2,3.5,1.0,0.027,0.02,0.49,0.0,0.04,12.0,0.0,12.0,12.0,4.0,0.0,11.0,3.0,3.0,0.0,1.0,0.0,0.0,1.0,0.22,0.0,0.0,0.4,0.21,0.61,0.53,0.0
9,9,"MILK,FILLED,FLUID,W/LAURIC ACID OIL",87.73,63,3.33,3.4,0.8,4.74,0.0,4.74,128.0,0.05,13.0,97.0,139.0,57.0,0.36,0.01,0.002,2.0,0.9,0.03,0.123,0.087,0.301,0.04,5.0,0.0,5.0,5.0,15.0,0.34,7.0,2.0,2.0,0.0,0.0,0.0,0.0,0.0,0.13,0.0,0.0,0.8,3.101,0.1,0.01,2.0
384,384,"PORK,CURED,HAM,SHANK,BONE-IN,LN,HTD,RSTD",67.46,139,26.49,3.68,2.88,0.68,0.0,0.68,7.0,1.54,23.0,269.0,378.0,828.0,2.78,0.135,0.027,24.4,0.0,0.484,0.326,7.397,0.68,0.472,1.0,0.0,1.0,1.0,106.0,0.61,0.0,0.0,0.0,0.0,0.0,0.0,0.0,0.0,0.33,0.9,34.0,0.0,1.134,1.433,0.592,70.0
810,810,"BEEF,CHUCK FOR STEW,LN & FAT,ALL GRDS,RAW",72.51,128,21.75,4.48,1.11,0.16,0.0,0.0,13.0,2.12,21.0,213.0,367.0,80.0,5.43,0.088,0.014,24.2,0.0,0.08,0.17,5.003,0.665,0.567,3.0,0.0,3.0,3.0,71.8,2.3,6.0,2.0,2.0,0.0,0.0,0.0,0.0,0.0,0.17,0.1,4.0,1.5,1.86,2.32,0.3,64.0
242,242,"SOUP,CHICK NOODLE,DRY,MIX,PREP W/ H2O",94.16,23,0.84,0.55,0.78,3.67,0.1,0.31,2.0,0.2,3.0,12.0,13.0,229.0,0.08,0.014,0.032,3.8,0.0,0.081,0.03,0.431,0.042,0.01,7.0,6.0,1.0,11.0,4.9,0.02,11.0,1.0,0.0,1.0,5.0,0.0,0.0,8.0,0.05,0.0,0.0,1.4,0.122,0.205,0.155,4.0
581,581,"ALCOHOLIC BEV,DISTILLED,RUM,80 PROOF",66.6,231,0.0,0.0,0.01,0.0,0.0,0.0,0.0,0.12,0.0,5.0,2.0,1.0,0.07,0.05,0.018,0.0,0.0,0.008,0.0,0.0,0.0,0.0,0.0,0.0,0.0,0.0,0.0,0.0,0.0,0.0,0.0,0.0,0.0,0.0,0.0,0.0,0.0,0.0,0.0,0.0,0.0,0.0,0.0,0.0
278,278,"BLACKBERRIES,FRZ,UNSWTND",82.21,64,1.18,0.43,0.51,15.67,5.0,10.67,29.0,0.8,22.0,30.0,140.0,1.0,0.25,0.12,1.223,0.4,3.1,0.029,0.046,1.207,0.151,0.061,34.0,0.0,34.0,34.0,8.5,0.0,114.0,6.0,0.0,0.0,68.0,0.0,0.0,118.0,1.17,0.0,0.0,19.8,0.015,0.041,0.245,0.0
672,672,"SOYMILK,ORIGINAL & VANILLA,W/ ADDED CA,VITAMINS A & D",90.36,43,2.6,1.47,0.65,4.92,0.2,3.65,123.0,0.42,15.0,43.0,122.0,47.0,0.26,0.165,0.062,2.3,0.0,0.029,0.184,0.425,0.104,0.031,9.0,0.0,9.0,9.0,23.6,0.85,185.0,55.0,55.0,0.0,2.0,0.0,0.0,0.0,0.11,1.1,43.0,3.0,0.205,0.382,0.858,0.0
45,45,"YOGURT,VANILLA FLAVOR,LOWFAT MILK,SWTND W/ LO CAL SWTNR",79.0,86,4.93,1.25,1.02,13.8,0.0,5.43,171.0,0.07,16.0,135.0,219.0,66.0,0.83,0.013,0.004,4.9,0.8,0.042,0.201,0.107,0.552,0.045,11.0,0.0,11.0,11.0,15.2,0.53,43.0,12.0,12.0,0.0,2.0,0.0,0.0,0.0,0.02,0.0,1.0,0.1,0.752,0.313,0.035,5.0
446,446,"POTATOES,FR FR,CRNKL OR REG,SALT ADDED IN PROC,FRZ,AS PURCH",67.11,150,2.34,4.99,1.59,23.96,2.0,0.21,13.0,0.62,21.0,81.0,380.0,349.0,0.34,0.077,0.157,0.5,7.7,0.106,0.037,2.14,0.448,0.196,31.0,0.0,31.0,31.0,19.2,0.0,4.0,0.0,0.0,0.0,2.0,0.0,0.0,13.0,0.1,0.0,0.0,2.1,1.249,3.102,0.27,0.0
134,134,"CHICKEN,BROILERS OR FRYERS,MEAT ONLY,CKD,FRIED",57.53,219,30.57,9.12,1.09,1.69,0.1,0.0,17.0,1.35,27.0,205.0,257.0,91.0,2.24,0.075,0.028,24.5,0.0,0.085,0.198,9.663,1.166,0.48,7.0,0.0,7.0,7.0,91.2,0.34,59.0,18.0,18.0,0.0,0.0,0.0,0.0,0.0,0.46,0.1,5.0,2.8,2.46,3.35,2.15,94.0
761,761,"BUCKWHEAT GROATS,RSTD,CKD",75.63,92,3.38,0.62,0.43,19.94,2.7,0.9,7.0,0.8,51.0,70.0,88.0,4.0,0.61,0.146,0.403,2.2,0.0,0.04,0.039,0.94,0.359,0.077,14.0,0.0,14.0,14.0,20.1,0.0,0.0,0.0,0.0,0.0,0.0,0.0,0.0,60.0,0.09,0.0,0.0,1.9,0.134,0.188,0.188,0.0
274,274,"APPLESAUCE,CND,SWTND,WO/ SALT (INCLUDES USDA COMMODITY)",81.98,68,0.16,0.17,0.21,17.49,1.2,14.67,3.0,0.12,3.0,6.0,75.0,2.0,0.03,0.032,0.03,0.3,1.7,0.017,0.022,0.072,0.044,0.027,1.0,0.0,1.0,1.0,3.3,0.0,6.0,0.0,0.0,0.0,3.0,2.0,0.0,18.0,0.18,0.0,0.0,0.6,0.03,0.007,0.054,0.0
889,889,"BEEF,COMP OF RTL CUTS,LN & FAT,0"" FAT,SEL,RAW",70.16,157,21.2,8.0,1.02,0.04,0.0,0.0,13.0,2.06,18.0,197.0,315.0,61.0,4.76,0.069,0.007,24.0,0.0,0.077,0.201,5.327,0.517,0.533,5.0,0.0,5.0,5.0,63.6,2.22,9.0,3.0,3.0,0.0,0.0,0.0,0.0,0.0,0.18,0.1,2.0,1.4,3.351,3.788,0.495,64.0
667,667,"REFRIED BNS,CND,TRADITIONAL STYLE (INCLUDES USDA COMMODITY)",77.75,90,4.98,2.01,1.71,13.55,3.7,0.54,29.0,1.44,35.0,92.0,319.0,370.0,0.58,0.129,0.289,5.8,6.0,0.076,0.079,0.367,0.189,0.103,11.0,0.0,11.0,11.0,21.2,0.0,0.0,0.0,0.0,0.0,0.0,0.0,0.0,0.0,0.09,0.0,0.0,2.1,0.631,0.601,0.543,0.0
387,387,"PORK,FRSH,SHLDR,(BSTN BUTT),BLDE (STKS),LN,W/ ADDED SOLN,RAW",74.85,122,18.29,5.36,1.32,0.18,0.0,0.0,14.0,1.04,19.0,223.0,419.0,165.0,3.1,0.125,0.01,28.8,0.0,0.512,0.367,3.837,1.531,0.509,0.0,0.0,0.0,0.0,76.9,0.89,0.0,0.0,0.0,0.0,0.0,0.0,0.0,0.0,0.23,0.5,21.0,0.0,1.873,2.329,0.581,59.0
328,328,"RASPBERRIES,FRZ,RED,SWTND",72.75,103,0.7,0.16,0.24,26.16,4.4,21.76,15.0,0.65,13.0,17.0,114.0,1.0,0.18,0.105,0.65,0.3,16.5,0.019,0.045,0.23,0.15,0.034,26.0,0.0,26.0,26.0,10.2,0.0,60.0,3.0,0.0,29.0,21.0,0.0,0.0,113.0,0.72,0.0,0.0,6.5,0.005,0.015,0.089,0.0
641,641,"BEVERAGES,FRUIT JUC DRK,RED SUGAR,W/ VITAMIN E ADDED",87.58,39,0.0,0.07,2.35,10.0,0.0,9.0,5.0,0.04,2.0,1.0,11.0,2.0,0.02,0.0,0.011,0.2,0.0,0.0,0.0,0.015,0.0,0.0,1.0,0.0,1.0,1.0,0.5,0.0,0.0,0.0,0.0,0.0,0.0,0.0,0.0,0.0,0.68,0.0,0.0,0.0,0.008,0.012,0.014,0.0
257,257,"CEREALS,CRM OF RICE,CKD W/H2O,WO/SALT",87.5,52,0.9,0.1,0.1,11.4,0.1,0.04,1.0,3.96,3.0,17.0,20.0,1.0,0.16,0.034,0.144,3.0,0.0,0.071,0.018,1.039,0.076,0.027,3.0,0.0,3.0,3.0,0.8,0.0,0.0,0.0,0.0,0.0,0.0,0.0,0.0,0.0,0.02,0.0,0.0,0.0,0.027,0.031,0.027,0.0
490,490,"LIMA BNS,IMMAT SEEDS,CKD,BLD,DRND,W/SALT",67.17,123,6.81,0.32,2.06,23.64,5.3,1.63,32.0,2.45,74.0,130.0,570.0,253.0,0.79,0.305,1.252,2.0,10.1,0.14,0.096,1.04,0.257,0.193,26.0,0.0,26.0,26.0,44.1,0.0,370.0,19.0,0.0,0.0,222.0,0.0,0.0,0.0,0.14,0.0,0.0,6.2,0.073,0.019,0.154,0.0
342,342,"PORK,FRSH,LEG (HAM),SHANK HALF,LN,RAW",74.88,119,21.66,2.95,1.11,0.0,0.0,0.0,12.0,0.77,21.0,224.0,329.0,90.0,2.25,0.142,0.026,21.3,0.0,0.522,0.343,6.273,0.622,0.531,0.0,0.0,0.0,0.0,74.4,0.51,9.0,3.0,3.0,0.0,0.0,0.0,0.0,0.0,0.29,0.3,11.0,0.0,0.917,1.214,0.605,66.0
207,207,"SOUP,CHICK BROTH,CND,COND",91.96,31,4.42,1.04,1.83,0.75,0.0,0.35,6.0,0.41,2.0,60.0,170.0,621.0,0.2,0.1,0.2,2.3,0.0,0.006,0.046,2.23,0.04,0.02,4.0,0.0,4.0,4.0,9.4,0.2,0.0,0.0,0.0,0.0,0.0,0.0,0.0,0.0,0.01,0.0,0.0,0.0,0.31,0.47,0.22,1.0
503,503,"OKRA,CKD,BLD,DRND,W/SALT",92.57,22,1.87,0.21,0.84,4.51,2.5,2.4,77.0,0.28,36.0,32.0,135.0,241.0,0.43,0.085,0.294,0.4,16.3,0.132,0.055,0.871,0.213,0.187,46.0,0.0,46.0,46.0,9.3,0.0,283.0,14.0,0.0,0.0,170.0,0.0,0.0,390.0,0.27,0.0,0.0,40.0,0.045,0.028,0.046,0.0
496,496,"BEANS,SNAP,GRN,FRZ,CKD,BLD,DRND,W/SALT",91.42,28,1.49,0.17,0.47,6.45,3.0,1.88,42.0,0.66,19.0,29.0,159.0,245.0,0.24,0.059,0.288,0.4,4.1,0.035,0.09,0.383,0.049,0.06,23.0,0.0,23.0,23.0,13.5,0.0,466.0,23.0,0.0,61.0,249.0,0.0,0.0,564.0,0.04,0.0,0.0,38.1,0.044,0.008,0.083,0.0
306,306,"LOGANBERRIES,FROZEN",84.61,55,1.52,0.31,0.54,13.02,5.3,7.7,26.0,0.64,21.0,26.0,145.0,1.0,0.34,0.117,1.247,0.2,15.3,0.05,0.034,0.84,0.244,0.065,26.0,0.0,26.0,26.0,8.5,0.0,35.0,2.0,0.0,0.0,21.0,0.0,0.0,118.0,0.87,0.0,0.0,7.8,0.011,0.03,0.176,0.0
636,636,"ALCOHOLIC BEV,DISTILLED,ALL (GIN,RUM,VODKA,WHISKEY) 86 PROOF",63.9,250,0.0,0.0,0.01,0.1,0.0,0.0,0.0,0.04,0.0,4.0,2.0,1.0,0.04,0.021,0.018,0.0,0.0,0.006,0.004,0.013,0.0,0.001,0.0,0.0,0.0,0.0,0.0,0.0,0.0,0.0,0.0,0.0,0.0,0.0,0.0,0.0,0.0,0.0,0.0,0.0,0.0,0.0,0.0,0.0
702,702,"GAME MEAT,DEER,GROUND,CKD,PAN-BROILED",64.23,187,26.45,8.22,1.07,0.0,0.0,0.0,14.0,3.35,24.0,228.0,364.0,78.0,5.2,0.1,0.013,10.3,0.0,0.503,0.327,9.257,0.76,0.468,8.0,0.0,8.0,8.0,101.9,2.32,0.0,0.0,0.0,0.0,0.0,0.0,0.0,0.0,0.68,0.0,0.0,1.4,3.993,1.939,0.444,98.0
778,778,"FAST FOODS,ENG MUFFIN,W/CHS&SAUSAGE",37.93,338,13.28,20.67,2.83,25.28,0.5,1.98,210.0,3.14,21.0,168.0,179.0,668.0,1.19,0.252,0.284,25.3,0.0,0.481,0.197,4.217,0.696,0.086,51.0,34.0,17.0,75.0,29.8,0.79,219.0,56.0,55.0,0.0,22.0,0.0,0.0,22.0,0.58,0.4,17.0,2.2,8.152,7.905,3.115,43.0
833,833,"BEEF,RND,TOP RND STEAK,BNLESS,LN & FAT,0"" FAT,CHOIC,RAW",72.35,127,23.49,3.66,1.12,0.0,0.0,0.0,13.0,2.35,12.0,220.0,307.0,56.0,3.76,0.048,0.004,21.8,0.0,0.064,0.225,6.635,0.349,0.639,4.0,0.0,4.0,4.0,65.1,1.65,11.0,3.0,3.0,0.0,0.0,0.0,0.0,0.0,0.24,0.0,1.0,1.5,1.424,1.678,0.247,62.0
803,803,"BEEF,CORNED BF HASH,W/ POTATO,CND",70.32,164,8.73,10.24,1.5,9.27,1.1,0.34,19.0,1.0,13.0,56.0,172.0,412.0,1.4,0.0,0.084,7.5,0.9,0.069,0.05,1.572,0.403,0.231,7.0,0.0,7.0,7.0,15.6,0.41,0.0,0.0,0.0,0.0,0.0,0.0,0.0,5.0,0.04,0.0,0.0,1.8,4.32,5.26,0.3,32.0
601,601,"BEVERAGES,COFFEE,READY TO DRK,MILK BSD,SWTND",83.56,71,1.98,1.38,0.47,12.6,0.0,10.67,74.0,0.04,9.0,59.0,175.0,26.0,0.26,0.002,0.012,0.0,0.0,0.043,0.193,1.32,0.33,0.0,0.0,0.0,0.0,0.0,0.0,0.51,0.0,0.0,0.0,0.0,0.0,0.0,0.0,0.0,0.01,0.0,1.0,0.1,0.0,0.293,0.038,5.0
388,388,"PORK,FRSH,LOIN,TP LN (CHPS),BNLSS,LN & FT,W/ ADDED SLN,RAW",68.65,171,19.45,10.26,1.55,0.0,0.0,0.0,9.0,0.42,21.0,244.0,489.0,251.0,1.22,0.049,0.01,42.8,0.0,0.475,0.195,7.178,0.731,0.467,0.0,0.0,0.0,0.0,53.0,0.56,0.0,0.0,0.0,0.0,0.0,0.0,0.0,0.0,0.2,0.3,12.0,0.0,2.53,5.801,1.925,56.0
666,666,"BEANS,NAVY,MATURE SEEDS,CND",70.45,113,7.53,0.43,1.14,20.45,5.1,0.28,47.0,1.85,47.0,134.0,288.0,336.0,0.77,0.208,0.375,5.8,0.7,0.141,0.055,0.487,0.172,0.103,62.0,0.0,62.0,62.0,26.9,0.0,1.0,0.0,0.0,0.0,0.0,0.0,0.0,0.0,0.78,0.0,0.0,2.9,0.112,0.038,0.186,0.0
830,830,"BEEF,PLATE STEK,BNLS,INSDE SKRT,LN & FAT,0"" FAT,ALL GRDS,RW",67.25,187,20.38,11.71,0.92,0.0,0.0,0.0,6.0,1.71,20.0,145.0,262.0,64.0,5.99,0.085,0.085,22.2,0.0,0.055,0.289,5.241,0.594,0.421,3.0,0.0,3.0,3.0,44.4,2.31,13.0,4.0,4.0,0.0,0.0,0.0,0.0,0.0,0.15,0.1,4.0,1.5,4.626,5.431,0.548,65.0
